0,jaloos https://t.co/sDedcfNkGH,1524088865589399554
1,"@hinaparvezbutt Geeraaj wala julsa  jaloos sy ye julsi thek hy... Our army is our pride.

#Ø§Ù…Ù¾ÙˆØ±Ù¹Úˆ__Ø­Ú©ÙˆÙ…Øª__Ù†Ø§Ù…Ù†Ø¸ÙˆØ±",1524079795767681024
2,"Janay kab hongay kam.
iss dunia keh GhamğŸ¤”

Weird situation in our country...jalsay jaloos...
for all silver silver our mediağŸ¤”nobody think about that.mostly ppl facing tention,mental or nervous strain/stress blah blah...
pleaseğŸ™for God's sake
#recoverduazehra",1524070174193766400
3,@TajinderBagga Aur dusro ke jaloos par pathar bhi nahi marte panchar putro ke jaise,1524059970815229953
4,"RT @daniyalahm: Jaloos islamic hun yeh political in ko shehar sa bhr yeh phr kisi khulay maidano ma huna chaiya

Pura murree road block kiyâ€¦",1524058956854874116
5,"@PTIofficial @InsafPK
:control Imran,he is reliable,worth leading Paknation&amp;honestloving
:but stophim from jalsa jaloos,we people r cracking into polarised 2 clear segments
:worry is notGovt,we will'damage'each other
:Military&amp;Judiciary-highly respected, keep quiet
@ImranKhanPTI",1524050589700792320
6,@cobraaay @Zohadtweets Ihle-e-tashi ka jaloos hi aaj that y roads r blocked,1524041910838571010
7,@SHABAZGIL If he truly cares about pakistan he should show it by not compromising further the economy of Pakistan by his jalsas jaloos when shahbaz takes the decision of increasing patrol prices which has to be done.,1524010767502254086
8,Ma name nai lu ga ka jaloos kis ka ha kyunka mazhabi jung shuru ho jati ha,1523999896075919361
9,"Jaloos islamic hun yeh political in ko shehar sa bhr yeh phr kisi khulay maidano ma huna chaiya

Pura murree road block kiya huwa ha aj aam insaan is garmi ma zaleel ho gaya ha.",1523999667868033028
10,"Please pti or pml n say bher nikal kr Pakistan ka sochey civil war ki dhamki denay waley america ks khawab poora krnay ja rhe hay khudara altaf ki tarah strike or jalsey jaloos or dharnay na do , london plan qamyab na honey do,",1523993671896641542
11,Bajwa sab agur amerca ne pakistani sarzameen use kr k kisi b mulk ko targit kia to hum aapka jaloos nikal deyn gey social media pey,1523990285503639554
12,Jaloos sy aik din phlay ni bata skty? ğŸ˜­,1523978635287347201
13,@Zohadtweets Kis manhoos ka jaloos hai...?,1523965431085780992
14,"@cobraaay was stuck in traffic, police valay ne btaya jaloos hai, dunno kis ka",1523965037597143041
15,RT @zunowgli: It never gets easier or better. We check in our lives at the security points at every jaloos as if it were some trinket. We câ€¦,1523958256338714624
16,@Advnajam @DCRawalpindi Today tuesday Murree road will b closed due to 8th shawal Jaloos  from chandni chowk to liaqat bagh from 1.00 pm to 9 pm .ğŸ¤,1523952882797748225
17,Live Shahid Biltistani 2022 | Jaloos Youm e Inhedam e Jannat ul Baqee | Wilayat TV https://t.co/rUgy2fnm9Q,1523952810290782208
18,@saleemjhelumi Daboo ka jaloos...ğŸ¤£ğŸ˜‚ğŸ˜„ğŸ˜œ,1523935511357771777
19,Live Majlis e Aza Jaloos Youm e Inhedam e Jannat ul Baqi | Maulana Hasan Zafar | Incholi https://t.co/OeGcvAdMho,1523922619518660608
20,@23599r @Coolbird9421402 @ChAsifSidhu @shafqatmm1 Acha really byan diye hain saad rizvi ne? Ager aisa hai to phir TLP k social media wing ne toofan barpa Kion ni social mediua pe? Condemn Kion ni kiya? Jaloos Kion ni nikale? Dharne Kion ni diye. Qatal ki dhamkiyan kion ni di in logon ko. Jese wo IK k khilaf karte the,1523879100506865664
21,@HafizThought Just chk ppp/pml_n .... Jaloos,1523850931321950218
22,"@Sha25103 Ho sakta h jaise Aditya Pancholi, Hrithik aur Adyan Suman se pyar karne k baad unka jaloos nikala.

Aap bhi aisea khush kismat niklen.",1523834309890641921
23,Some people literally put their jaloos on snap story lol,1523743863583641601
24,@ImranKhanPTI Humko inglash nahi atti hum jalsa jaloos vottar hen apki inglash onko samajh ati he jo election k din neend poori karte hen. Asly awam.,1523728777678757888
25,@nshz22 Jaloos guzar gaya,1523725110904909824
26,"@AdnanAliKhan555 @TajinderBagga  is a jaloos &amp; kalank. 
Gandi aulaad, na maza na swaad",1523715159239233536
27,@AestheticAylan Jaloos nhi janaza ğŸ˜­ğŸ¤£ğŸ¤£ itv writers lost all their creativity all then can do it 2 Ladkiyan ek ladka ajeeb ghatiya ban chuka hai ek refreshing story nhi .. kabhi kabhi ka toh pucho mat,1523712143048441859
28,@ConfusedMulgiii Exactly itv writer's  knows how to ruin a perfect show litne time baad maine ek ITV show  dekhna shuru kiya tha jaloos nikal diya bilkul uska,1523709748356427776
29,"@OfficialDGISPR Is gandy admi ny PAK AMRY ki izat ka jaloos nikal dia hai.Ab ISPR mintain kr rai hai k foj ko involve na kro.But yh sara gand foj ka dala hoa hai. Ap log to just comment e read krty ho but public m survey krwa k daikho, kis qadar nafrat bhar rai h. Just fair and early election",1523706427939852288
30,"8 Shawwal Majlis | Matami Jaloos | Murree Road, Rawalpindi | TV110

#TV110 #ShiaTV
#islamic #8Shawwal #MatamiJaloos #Protest #Rawalpindi #Janatulbaqi #Saudiarabia #Majlis #BibiFatima #SyedaZahra #Batool #Masoomeen #8Shawal #Shrine https://t.co/psJ2Opg6y2",1523667851407626240
31,@SureshHindu111 Agar pathar mara hai Muslims na tu galt kia lekin 2 Baar aram sa guzar gyi thi vo 3 baar jaloos aya tha Kuch galat kia huga Yatri valo na bhi Aur masjid ka bahar Ju videos hai Miyad Mc hai vo shi hai Masjid ka oper jhande lagana theek hai ya galat?,1523644396717371394
32,"@ABC_MRC @QasimKhanSuri Jinho ne kafrana tarmim ki UN pr lanat bhejte hain lekin Jo log us wqt parliament me opposition ki seats per chup chap Bethe Rahe unke bare ma kia khyal ha.

Aur aese to sazish America ne ki ha Jo k yaqenan ki ha. Phr jalse jaloos yhan q.  America ma ja kr kren.",1523617992277622784
33,Vesay agar thora jaldi is hakumat ka jaloos nikal dain to behtar hy Pakistan k haq main verna Sri Lanka wali situation na ho jaey kahin.,1523598580572819456
34,"@zaidchattha Bhai Jan Aksariyat ha b nhi 
PTI ko 39% Vote Milay thy 61% Imran khan K khilaf Vote Dale ha Next Election ma PTI Ko Lag Pata Jana ha Ye agay b Sirf jalsay jaloos he krta rahe ga",1523548019219517441
35,"@MajorPoonia Aatanki sadhvi pragya ko MP aapne banaya hai ,baltkariyo ke liye jaloos aap nikalte ho hum nhi",1523537823298510848
36,"First Calgary, then Toronto and now Edmonton. 3/3 of our Canadian teams struck out. That was an especially embarrassing loss for Edmonton. Holy Jaloos. ğŸ˜‚ğŸ¤¦ğŸ½â€â™€ï¸ https://t.co/BtJ2dsRu1B",1523528636199931904
37,Jharkhand CM is trying to save corrupt IAS #PoojaSinghal bcos lots of money is hidden there n ED can raid n confiscate that too. ye kali kamai bachaney ka jaloos hai. https://t.co/IbORqVE61d,1523508021590061057
38,KAR MUTMAEN HUA IBLEES NA TIKAEY GA MAERY JAGHA.. TEMPORARY YEH INTIZAAM HAEY...SHAYATEEN KEE SHANAKHT KA BUS IK INTIZAAM HAEY..SHEIKH NIAZI KHANOU MAEN IK HEEJAN HAEY...IK IBLEES RASHID DOOSRA BARA SHAETAAN HAEY...JALSA BANAEY GA JALOOS E JANAZA INN KEE,1523454087244619777
39,"@Malwain_Rajji01 Exactly !! Edda bht var hunda k ldai kise de pishe kiti hundi te jis pishe kiti hundi oh dove apas ch ik mik hunde ğŸ¤¦ğŸ»â€â™€ï¸
Main thing this is social media Eve na kise pishe avda jaloos kdea kriye te gallan ton kohan door âœ‹ bss jeda Eve krni htda e ni uston pasa watt lena chahida",1523429704547827712
40,@BhagwantMann Maan saaab tiffin nahi eh nasha bichan wale kado fadne tuhi?? Eh shurliya mari jao 5 saal baad thoda loka ne jaloos kad dena . Kade tuhi canda ton bahrle wapis mangwane hunde hun drug paddler fade ni jaa rahe thode ton?,1523428069255487488
41,"RT @qaiser_shabbir: @SaminaSays Taraqi batoon, jalsoo ,jaloos aur dharnos saiy nahee hoti. There is economic , budgetary measures ,how theâ€¦",1523424523131166720
42,"Jaloos, Jalsa, and Dharna anywhere in Pakistan, please make way for the ambulance, and please leave a lane open for this",1523403398540066816
43,"Santre da juice niklya aj, te @SushantNMehta da jaloos",1523355305454702592
44,"@mysticsrishti Kashmir mai jab bijli jaate thee neighbour hood kids would take out a small jaloos and scream - Hagaare Hagar, bijli walyen gagar! ğŸ¤£",1523345171487682560
45,@AyeshaBhutta01 Iftikhar Ch k khalaf action Parvez Musharraf ne liya TU Tamam political party ne is khalaf jaloos nikala thaa aur Nawaz sharif ne highjacked Kar liya tha,1523318871020740608
46,@hanjiokay Loka ne gol gappea da jaloos kadwa hoya,1523317479820623874
47,@Bhanuuuu15 @6IX9INE_bawa1 ğŸ¤£ğŸ¤£ğŸ¤£ğŸ˜­ğŸ¤£ğŸ˜­tera jaloos kadiya,1523308590928318470
48,@DrDanish5 Tu ne to kaha tha jalsey jaloos se kuch farq nahi parta phir.dara.huwa kyun hai??. Dangar.dr.,1523299782667784194
49,"Hazaraa k log amuman pur aman hen, Jalsaa jaloos sy door rehny waly, lekin @ImranKhanPTI ki call py  sb nikly hen, Choroo k khilaf https://t.co/ooCJNLhq18",1523265045584433152
50,"RT @MehrTarar: My cleaning lady: ""Ki lagda aye Imran Khan wapis aa jaya ga? Jaga jaga teh jaloos pe nikalde nain.""

Definitely a new phenomâ€¦",1523254358288343040
51,@Palvashits @kabir_writes Roohafaza and milk combo used to be served in Muharram jaloos in village and at same time would see lots of zanjeerzani and blood so the mix up of smell annoys met till this date.,1523251400393826306
52,"@Xadeejournalist @ArsalanGhumman Is Saahaafat exists in Pakistan, just showing Jalsa Jaloos is not Saahaafat, neither Najam Sethi Cheryaa is Sahaafat, Every Tom n Jerry Retires, Inn kee khidmat hee khatam nahee hootee",1523232798131503104
53,"RT @Namrata02442077: @ashram234567 Sant Shri Asharamji Bapu
Hindus Must Unite
#StopViolenceAgainstHindus

Na sant Rahge na hindu dharam Rahâ€¦",1523227424250507264
54,@timesofindia Pavitra pagdi ko kyun gandi politics me lakar  apna jaloos nikalwa raha hai..?,1523224402829004801
55,khalisthan ka jaloos sirf punjab mein niklega...kahin aur nehi. Thik hai https://t.co/At9bTrxLhy,1523218428743405568
56,@WuzgarX Baat apki theek hai 1-2 months aisay hi jalsay jaloos kiyay jayein. 2 months baad inkay apnay patwari bi inko galiyan dein gay.,1523208481804668928
57,@Dailypostpnbi Modi ne loka da poori reej nal jaloos kadna dekhde rakho,1523196439504904192
58,RT @hraza300: @Umarans10241294 @rizvi_beti @JoniBadshah @Bakhtia77955381 @Umarshahbaz55 @Rizvia2524129 @Ali_476257 @AsifAliRizvi7 @AlishbaRâ€¦,1523186858804400128
59,"@ZaneeraMaryam @PTIofficial Rally hy , jaloos nahi :)",1523164718214438913
60,"RT @Syeda_Gnosis: @ImranKhanPTI @QasimKhanSuri
@fawadchaudhry
And look ... children holding flag of Pakistan in front of jaloos and in backâ€¦",1523164579705942017
61,"RT @Namrata02442077: @ashram234567 Sant Shri Asharamji Bapu
Hindus Must Unite
#StopViolenceAgainstHindus

Na sant Rahge na hindu dharam Rahâ€¦",1523138168517967872
62,"RT @Namrata02442077: @ashram234567 Sant Shri Asharamji Bapu
Hindus Must Unite
#StopViolenceAgainstHindus

Na sant Rahge na hindu dharam Rahâ€¦",1523136508542152705
63,"RT @Namrata02442077: @ashram234567 Sant Shri Asharamji Bapu
Hindus Must Unite
#StopViolenceAgainstHindus

Na sant Rahge na hindu dharam Rahâ€¦",1523132413991264256
64,"@ashram234567 Sant Shri Asharamji Bapu
Hindus Must Unite
#StopViolenceAgainstHindus

Na sant Rahge na hindu dharam Rahega.. Isliye santo  ko Nisana banaya... Aur ab hindu dharm ke loog aapne hi jaloos nahi nikal pa rahe h ğŸ˜¡",1523132059220250624
65,"@Umarans10241294 @rizvi_beti @JoniBadshah @Bakhtia77955381 @Umarshahbaz55 @Rizvia2524129 @Ali_476257 @AsifAliRizvi7 @AlishbaRizvi7 @AyatTLP @DuaMali36522550 Hazrat Muhammad (PBUH) ne kabhi Madina me kuffar ke khilaf jaloos nikala ya unhe daraya ho. Kabhi nahi, haar mazhab ke logon ko jab mushkil pesh aati to app (PBUH) ke daar per atte aur aap haar insaan ki madad krte thee. Hazrat Muhammad (PBUH) Rehmat ul Alamein thee aur hain.",1523116306073255941
66,"@SdqJaan Ghalti PTI kay supporter ki bhi hai, aap direct kisi aur party kay jalsay ya juloos ko kyu lalkaar rahey ho.. joh faislay karna hai woh elections mei karey gay PLUS PMLN apna jaloos karey, PTI apna..jeet Hamesha such ki hogi..",1523064227795066881
67,@gulfamkitweet @anamikamber Moharram ka jaloos to hawa men chalta hai na woh bhi hathiyaron ka nanga nach ke sath.,1523036558734991360
68,"@abuzarhaider86 @d1_sanjay @Rofl_Swara1 Ye log parody account defend karne agaye batao, BJP se nafrat agar- BJP ke poster ke pass kutta bhi bhokta dikh jaye toh Ye use kutte ka bhi Jaloos nikal dain, jindabad karte hue.",1523024692755726338
69,"RT @MehrTarar: My cleaning lady: ""Ki lagda aye Imran Khan wapis aa jaya ga? Jaga jaga teh jaloos pe nikalde nain.""

Definitely a new phenomâ€¦",1522999558036332544
70,"@AccountHasan pehle unn ulema ko bolo ke dosre 2 number ulema ko condemn kere, unke peche jaloos nikale, tahke ilm ho sake ke sare ukema meh farq hai.",1522996062252060674
71,@GFarooqi Bolo na apny ko resignation accept kary warna in hi paison se ye dharny r jaloos nkalengy,1522991795470168065
72,"RT @MehrTarar: My cleaning lady: ""Ki lagda aye Imran Khan wapis aa jaya ga? Jaga jaga teh jaloos pe nikalde nain.""

Definitely a new phenomâ€¦",1522984218082660353
73,@ajitanjum @asadowaisi bilkul sahi hain mohammad ajit anjum ji. kam se kam isi bahane masjid se pathhar to nahi feke ja sakenge. indirect wo apne logo ko samjha raha hain. aur jo muslim bhagwa pahankar jaloos me shamil hokar masjid me pathhar fekenge wo bhi pakde jayenge.,1522977105914793985
74,@novocainerush Bohat baray 22 logon k jaloos k sth ğŸ¤ª,1522974899505184768
75,@MaryamNSharif Baji raat k jalsi mayn jo jamaat ki izzat ka jaloos nikal dia abu ki jammat ko daboney mayn koi kaser na chori hudd hoti hy bolna hi nahi aata kia baat krni hy nahi krni hy kuch b andaza nahi ye ghr nahi,1522960664498606080
76,"RT @MehrTarar: My cleaning lady: ""Ki lagda aye Imran Khan wapis aa jaya ga? Jaga jaga teh jaloos pe nikalde nain.""

Definitely a new phenomâ€¦",1522930771048243200
77,"RT @MehrTarar: My cleaning lady: ""Ki lagda aye Imran Khan wapis aa jaya ga? Jaga jaga teh jaloos pe nikalde nain.""

Definitely a new phenomâ€¦",1522930608414109697
78,"RT @MehrTarar: My cleaning lady: ""Ki lagda aye Imran Khan wapis aa jaya ga? Jaga jaga teh jaloos pe nikalde nain.""

Definitely a new phenomâ€¦",1522927031905828865
79,"RT @MehrTarar: My cleaning lady: ""Ki lagda aye Imran Khan wapis aa jaya ga? Jaga jaga teh jaloos pe nikalde nain.""

Definitely a new phenomâ€¦",1522925099300814848
80,"RT @MehrTarar: My cleaning lady: ""Ki lagda aye Imran Khan wapis aa jaya ga? Jaga jaga teh jaloos pe nikalde nain.""

Definitely a new phenomâ€¦",1522924596005064704
81,"RT @MehrTarar: My cleaning lady: ""Ki lagda aye Imran Khan wapis aa jaya ga? Jaga jaga teh jaloos pe nikalde nain.""

Definitely a new phenomâ€¦",1522923211251408896
82,"RT @MehrTarar: My cleaning lady: ""Ki lagda aye Imran Khan wapis aa jaya ga? Jaga jaga teh jaloos pe nikalde nain.""

Definitely a new phenomâ€¦",1522916713108578306
83,"RT @MehrTarar: My cleaning lady: ""Ki lagda aye Imran Khan wapis aa jaya ga? Jaga jaga teh jaloos pe nikalde nain.""

Definitely a new phenomâ€¦",1522915812440432641
84,"RT @MehrTarar: My cleaning lady: ""Ki lagda aye Imran Khan wapis aa jaya ga? Jaga jaga teh jaloos pe nikalde nain.""

Definitely a new phenomâ€¦",1522913802186014720
85,"RT @MehrTarar: My cleaning lady: ""Ki lagda aye Imran Khan wapis aa jaya ga? Jaga jaga teh jaloos pe nikalde nain.""

Definitely a new phenomâ€¦",1522911710843228162
86,"RT @MehrTarar: My cleaning lady: ""Ki lagda aye Imran Khan wapis aa jaya ga? Jaga jaga teh jaloos pe nikalde nain.""

Definitely a new phenomâ€¦",1522911511546585088
87,"RT @MehrTarar: My cleaning lady: ""Ki lagda aye Imran Khan wapis aa jaya ga? Jaga jaga teh jaloos pe nikalde nain.""

Definitely a new phenomâ€¦",1522911385080025089
88,"RT @MehrTarar: My cleaning lady: ""Ki lagda aye Imran Khan wapis aa jaya ga? Jaga jaga teh jaloos pe nikalde nain.""

Definitely a new phenomâ€¦",1522911254519721987
89,"RT @MehrTarar: My cleaning lady: ""Ki lagda aye Imran Khan wapis aa jaya ga? Jaga jaga teh jaloos pe nikalde nain.""

Definitely a new phenomâ€¦",1522911185343062016
90,"RT @MehrTarar: My cleaning lady: ""Ki lagda aye Imran Khan wapis aa jaya ga? Jaga jaga teh jaloos pe nikalde nain.""

Definitely a new phenomâ€¦",1522910939045052419
91,"RT @MehrTarar: My cleaning lady: ""Ki lagda aye Imran Khan wapis aa jaya ga? Jaga jaga teh jaloos pe nikalde nain.""

Definitely a new phenomâ€¦",1522910741346627589
92,"RT @MehrTarar: My cleaning lady: ""Ki lagda aye Imran Khan wapis aa jaya ga? Jaga jaga teh jaloos pe nikalde nain.""

Definitely a new phenomâ€¦",1522910676469100547
93,"RT @MehrTarar: My cleaning lady: ""Ki lagda aye Imran Khan wapis aa jaya ga? Jaga jaga teh jaloos pe nikalde nain.""

Definitely a new phenomâ€¦",1522910439042072577
94,"RT @MehrTarar: My cleaning lady: ""Ki lagda aye Imran Khan wapis aa jaya ga? Jaga jaga teh jaloos pe nikalde nain.""

Definitely a new phenomâ€¦",1522910055623974914
95,"RT @MehrTarar: My cleaning lady: ""Ki lagda aye Imran Khan wapis aa jaya ga? Jaga jaga teh jaloos pe nikalde nain.""

Definitely a new phenomâ€¦",1522909782159503361
96,"RT @MehrTarar: My cleaning lady: ""Ki lagda aye Imran Khan wapis aa jaya ga? Jaga jaga teh jaloos pe nikalde nain.""

Definitely a new phenomâ€¦",1522909606493802499
97,"RT @MehrTarar: My cleaning lady: ""Ki lagda aye Imran Khan wapis aa jaya ga? Jaga jaga teh jaloos pe nikalde nain.""

Definitely a new phenomâ€¦",1522909583747993600
98,"RT @MehrTarar: My cleaning lady: ""Ki lagda aye Imran Khan wapis aa jaya ga? Jaga jaga teh jaloos pe nikalde nain.""

Definitely a new phenomâ€¦",1522909568950579200
99,"RT @MehrTarar: My cleaning lady: ""Ki lagda aye Imran Khan wapis aa jaya ga? Jaga jaga teh jaloos pe nikalde nain.""

Definitely a new phenomâ€¦",1522909226934411264
100,"RT @MehrTarar: My cleaning lady: ""Ki lagda aye Imran Khan wapis aa jaya ga? Jaga jaga teh jaloos pe nikalde nain.""

Definitely a new phenomâ€¦",1522908989931069442
101,"RT @MehrTarar: My cleaning lady: ""Ki lagda aye Imran Khan wapis aa jaya ga? Jaga jaga teh jaloos pe nikalde nain.""

Definitely a new phenomâ€¦",1522908873891500032
102,"RT @MehrTarar: My cleaning lady: ""Ki lagda aye Imran Khan wapis aa jaya ga? Jaga jaga teh jaloos pe nikalde nain.""

Definitely a new phenomâ€¦",1522908782745075712
103,"RT @MehrTarar: My cleaning lady: ""Ki lagda aye Imran Khan wapis aa jaya ga? Jaga jaga teh jaloos pe nikalde nain.""

Definitely a new phenomâ€¦",1522908736175677441
104,"RT @MehrTarar: My cleaning lady: ""Ki lagda aye Imran Khan wapis aa jaya ga? Jaga jaga teh jaloos pe nikalde nain.""

Definitely a new phenomâ€¦",1522908735458447360
105,"RT @MehrTarar: My cleaning lady: ""Ki lagda aye Imran Khan wapis aa jaya ga? Jaga jaga teh jaloos pe nikalde nain.""

Definitely a new phenomâ€¦",1522908531153903616
106,"""Ki lagda aye Imran Khan wapis aa jaya ga? Jaga jaga teh jaloos pe nikalde nain.""

Definitely a new phenomenon in Lahore, these organic protests. People are protesting on their own.",1522908366498152448
107,"RT @MehrTarar: My cleaning lady: ""Ki lagda aye Imran Khan wapis aa jaya ga? Jaga jaga teh jaloos pe nikalde nain.""

Definitely a new phenomâ€¦",1522908365176950784
108,"My cleaning lady: ""Ki lagda aye Imran Khan wapis aa jaya ga? Jaga jaga teh jaloos pe nikalde nain.""

Definitely a new phenomenon in Lahore, these organic protests. People are protesting on their own.",1522908058044801025
109,"RT @qaiser_shabbir: @SaminaSays Taraqi batoon, jalsoo ,jaloos aur dharnos saiy nahee hoti. There is economic , budgetary measures ,how theâ€¦",1522897013091848194
110,"RT @ParamkaurGhuman: Mummy ka muh na ban jayeğŸ¤£ğŸ˜‚
@ishehnaaz_gill sab ka jaloos nikalegi
#ShehnaazGill https://t.co/RNqDyUg3ss",1522889892053000193
111,@DrDanish5 Its NOT going to be a jalsa jaloos but a REVOLUTION and the stake holder will be only the People of Pakistan.âœ‹ï¸,1522889826864877568
112,"RT @TeraSyapa: @sidharth_shukla @RubiDilaik zoro says ""maine class mein papa ka jaloos nikaala"". 
meanwhile sana- https://t.co/SGQBkYgIzS",1522885439639543809
113,"Ye baat dhayan dene layaq hai,,ki sango ke jaloos,,ya Shobha Yatra me,,gareeb log hote hain,,

Maldar to jhaghde kara ker,,ac me zakhmi or marne wali ki ginti ginte h,
AKHIR KAB SAMJHOGE",1522867242274226176
114,"@SaminaSays Taraqi batoon, jalsoo ,jaloos aur dharnos saiy nahee hoti. There is economic , budgetary measures ,how the resources R effectively managed and utilized.Did your darling leader prepare and implemented such strategies during the past 4 years?Actors &amp; sportsmen have no clue about it",1522855764125270017
115,"RT @ParamkaurGhuman: Mummy ka muh na ban jayeğŸ¤£ğŸ˜‚
@ishehnaaz_gill sab ka jaloos nikalegi
#ShehnaazGill https://t.co/RNqDyUg3ss",1522850484658257921
116,"RT @ParamkaurGhuman: Mummy ka muh na ban jayeğŸ¤£ğŸ˜‚
@ishehnaaz_gill sab ka jaloos nikalegi
#ShehnaazGill https://t.co/RNqDyUg3ss",1522845606171009025
117,"Mummy ka muh na ban jayeğŸ¤£ğŸ˜‚
@ishehnaaz_gill sab ka jaloos nikalegi
#ShehnaazGill https://t.co/RNqDyUg3ss",1522841653358301185
118,"@gbrar5848 @mssirsa @AAPPunjab @ANI @BJP4Delhi @TimesNow @republic @thetribunechd Tainnu kaun palda, Khali-sthaani?? Saare Punjabiyan/ Sikhan da jaloos kaddi phirde tere wargey ğŸ¤¬",1522795471101603841
119,"RT @ARYSabirShkrfan: Wah, attock, fateh Jhang, Hassan abdal, Taxila pindighep se jaloos lanay k bawajod Awam Ka ek e Nara ğŸ‘‡

#Ø§Ù…Ù¾ÙˆØ±Ù¹Úˆ__Ø­Ú©ÙˆÙ…â€¦",1522700880046350338
120,"RT @ARYSabirShkrfan: Wah, attock, fateh Jhang, Hassan abdal, Taxila pindighep se jaloos lanay k bawajod Awam Ka ek e Nara ğŸ‘‡

#Ø§Ù…Ù¾ÙˆØ±Ù¹Úˆ__Ø­Ú©ÙˆÙ…â€¦",1522697289701240833
121,"RT @ARYSabirShkrfan: Wah, attock, fateh Jhang, Hassan abdal, Taxila pindighep se jaloos lanay k bawajod Awam Ka ek e Nara ğŸ‘‡

#Ø§Ù…Ù¾ÙˆØ±Ù¹Úˆ__Ø­Ú©ÙˆÙ…â€¦",1522696762389155842
122,"Wah, attock, fateh Jhang, Hassan abdal, Taxila pindighep se jaloos lanay k bawajod Awam Ka ek e Nara ğŸ‘‡

#Ø§Ù…Ù¾ÙˆØ±Ù¹Úˆ__Ø­Ú©ÙˆÙ…Øª__Ù†Ø§Ù…Ù†Ø¸ÙˆØ±
#Ø§Ù…Ù¾ÙˆØ±Ù¹Úˆ_Ø­Ú©ÙˆÙ…Øª_Ù†Ø§Ù…Ù†Ø¸ÙˆØ± 
#MianwaliJalsa https://t.co/AuzX3V0pTC",1522696331768250368
123,"RT @ziydafreenahona: Khaloos ka jaloos nikal kr kehty hain log ""app Pehly jaisy nhi rahy""",1522691253116469248
124,RT @Mz_gujjar: Khan sahab jitni mehnat jalsay jaloos k liye kr rhay itnu candidates ikhatay krnay k liye karain to shayad Bach b jayein. Abâ€¦,1522675182984474625
125,Khan sahab jitni mehnat jalsay jaloos k liye kr rhay itnu candidates ikhatay krnay k liye karain to shayad Bach b jayein. Ab Saiyon ny amir liaqat aur vawda ko nhi jitana na hi suri ko 3 saal stay order pay rehnay dain gay.,1522674224996958210
126,"@Abbasshabbir72 Bot bada jaloos ha wa wa wa....kya bat ha!

#MarchAgainstImportedGovt 
#Ø§Ù…Ù¾ÙˆØ±Ù¹Úˆ_Ø­Ú©ÙˆÙ…Øª_Ù†Ø§Ù…Ù†Ø¸ÙˆØ±",1522669609794609152
127,@Sabir_Shakir11 Job ka issue hai sir g js wja se jalse jaloos me ja ni skate srif Imran Khan ko support krne k leye twiiter account banya h srif yeh soch k kuch na kuch to Apne leader k leye krn CHOTI si kosheh h Allha pak success kre mere leader ko ap logo ko b #Imported_Hakoomat_Namanzoor,1522655107502034944
128,@jagpreetpama Chotey santre ne.. Following every chapter from the sanghi playbook. But guess what vadde santre are better at this. Apna jaloos ta kadheya par ess fuddu nu hero banata. There are a lot of Sikhs and Punjabi Hindus in West Del who are pro sanghis,1522642967764250626
129,@ZahidKhanOnline @MaryamNSharif Yai ha wo jaloos ğŸ˜‚ğŸ˜‚ https://t.co/rBVXBzzXZb,1522626248765329408
130,"RT @ziydafreenahona: Khaloos ka jaloos nikal kr kehty hain log ""app Pehly jaisy nhi rahy""",1522613639349481476
131,"Khaloos ka jaloos nikal kr kehty hain log ""app Pehly jaisy nhi rahy""",1522613328266285057
132,@AsadKha54645851 @NissaKhattak @waqas_amjaad Oay kisi jaloos ki najaiz aulad. Teri ammi ki itni khool doon ga kay attock pass ban jaey ga.,1522610494498312192
133,@hinaparvezbutt Ohhh bibi bus kar jaa 1 ghanty se jalsa dekh raha hun bs sirf announcement hi ho rhi hay falana banda apne jaloos kay sath phunch gaya mubarak ho falana banda apne jaloos kay sath koi pindi se jaloos le kar arha hay to koi apne Gaon dehat se,1522605634721562626
134,Iijat apne hath hi hundi veere eh gal samjhni chaidi ena kudyen nu!Apna jaloos kadake pta nai ki milda ena nu? Eda de kanjara nal beth ke chawal gallan te dand kad ke te body parts te songs likha ke eh ki show kar rahyean? Fitte mohn ena de te jina kanjara nal eh company kardyeğŸ‘ğŸ½ https://t.co/3AT0j5IApO,1522601448332136448
135,@Hammad_Azhar Bhai maza tab aye jab ek jaloos election commision office ke bahir ho. https://t.co/fcGZaUK4ms,1522600158202056710
136,@BhagwantMann Punjab da jaloos! Enna zor #Beadbi vase tey la leina c https://t.co/q32uMEITH9,1522592534002008066
137,"@ImranKhanPTI Me bol rha hun chor yeh jalse jaloos 

March ki call de itn time nai de in ko 

Tu maanta nai meri , You are the last hope of Pakistan

Tumhare level ka koi nai yahan ğŸ™ğŸ¾

#Ø§Ù…Ù¾ÙˆØ±Ù¹Úˆ__Ø­Ú©ÙˆÙ…Øª__Ù†Ø§Ù…Ù†Ø¸ÙˆØ±",1522591267292839941
138,@AnwarLodhi Us jalsay ka JALOOS nikal gay - Khan ka jalsa daikh kar woh bill main ghus gya ğŸ˜ƒ,1522580069989994497
139,"@ImmiRizz It seems it's for PTI &amp; it's supporters , tense hype is there , but you mind it PTI did protests , long march , jalsa jaloos dharnay in past not a single damage spotted very sensible supporters nothing to do with anarchy but we have right for protest and freedom of expression",1522578999460786176
140,@classic_mojito Don't woorry.inki umar badi kam hai.jinka jaloos pb se niklega.dekhte jana.yeh ek time hota hai jab log aggression ki taraf jyada attract hotey hai par desh nahi chalta aise.,1522556789937426432
141,"@mds_hoaib @moazzamalvi90 @DrDanish5 Litter Us Waqt parain gay Jab Police ki Capacity or Numbers itni tadaad may ho,Already Punjab police refuse kar chuki hai itnay baray jaloos per Lathi charge or aansu gas say,Let the time come we ll prove you that what ll happen",1522550140258693126
142,"RT @GulabFaqeer: https://t.co/QWolM4C20T
Noha Hussain Dab Nahi Sakta | Markazi Matami Jaloos | Seengar Ali Saleem https://t.co/9YhAPzv3Ph",1522533264354910210
143,"RT @Syeda_Gnosis: @ImranKhanPTI @QasimKhanSuri
@fawadchaudhry
And look ... children holding flag of Pakistan in front of jaloos and in backâ€¦",1522517607051579394
144,"@ImranKhanPTI  It is because IK is wasting time. If he had interest in bringing down this imported Gov, he can bring it down in one day. Jalsa Jaloos is  waste of time specially when entire Pakistan is ready to do ro die. Cowards have no place in this world like Bajwa https://t.co/Pio2aDRXZF",1522498303023206400
145,"@ImranKhanPTI @QasimKhanSuri
@fawadchaudhry
And look ... children holding flag of Pakistan in front of jaloos and in back there is Pti flag ğŸ˜ samajhdar bachay and true Pakistan lovers , standing for truth .
@OfficialDGISPR aap in se hee khuch seekh lo.
#Ø§Ù…Ù¾ÙˆØ±Ù¹Úˆ_Ø­Ú©ÙˆÙ…Øª_Ù†Ø§Ù…Ù†Ø¸ÙˆØ± https://t.co/dQYY8fqJBH",1522472461283041281
146,@AdeelaAfzal3 @Ab_bbc @MirMAKOfficial Nobody is talking about jaloos. Just taking a flag not jaloos,1522470181313810433
147,"@samiabrahim Nahi sami sahab.
Aap ghalat keh rahay hein.
Hamari bohri biradri ka 12 rabiul awwal ka jaloos cross ho raha tha ek baar to CMH road hyderabad per army walo ne waha jhanda aur banners lipatwa diay thay k can't area me flags allow nahi hein.",1522466144979931139
148,@UmarJavaidJutt @tariq_rh jalsa jaloos won't help...,1522450199964262403
149,"RT @AdeelaAfzal3: @Ab_bbc @MirMAKOfficial Mai sialkot cantt mai hi rehti hoon, canttonment areas mai kisi bhi qism ka jaloos nikalnai ki ijâ€¦",1522444872137035776
150,@cricbuzz Itni Thukayi Huyi Hai Iss Match Mein Umran Malik Kii Kya Faida Speed Ka Jab Run Nhi Rok Paya Wicket Nhi Nikal Paya.... Last Over Mein To Delhi Ne Jaloos He Nikaal Diya Maar Maar Ke....,1522436832071364608
151,@PunjabPoliceInd @DGPPunjabPolice Fer dilli chale gaye? Enni furti patiala dikhayi hundi tan jaloos na nikalda punjab da,1522426645617213440
152,@_sayema Okay so Rath Yatra is communal but Taxia Jaloos is secular. Can you be any more hypocrite?,1522407778232729601
153,"@ccrebel1 @FemaleHumanBei2 Lekin kitchen ka kaam pakka karwa lenge usse I am sure , lekin jaloos mein nahin aage karenge",1522405041407426560
154,@ZareerMasani @naomi2009 Mandir ke bahar se bhi jaloos band kar dein tumhare...tab secularism save hoga?,1522404924109197312
155,@kh00858364 hahhaha thats cool actually â¤ï¸â¤ï¸ğŸ‘ŠğŸ»  yes abh waqai tang agai. ik dafa hi jalsa nikalo or inka jaloosğŸ¤£ğŸ˜‚ https://t.co/RC195mYDBL,1522365751642009600
156,"@BraveMuslimBoy @Pak_Faujj Cantt Mai jaloos nahee nakal Raha tha' access road istimaal kar raha tha per his fundamental right. Agar kanoon ki samajh nahee hay TU kindly legally sensitive topics per tweet na karo.
Suffice it to say that the MP official was wrong",1522345300354023426
157,"@Ab_bbc @MirMAKOfficial Mai sialkot cantt mai hi rehti hoon, canttonment areas mai kisi bhi qism ka jaloos nikalnai ki ijazat nahi hoti even k eid milad ka bhi nahi or kisi qism ki political activity bhi nahi, mai IK ki supporter hoon lekin ye sub ghalat hai, army ko badnam na karain",1522313445965807618
158,"@BraveMuslimBoy Jaloos??? ğŸ¤£ğŸ¤£ğŸ¤£ğŸ¤£
Konsa Jaloos Sialkot Cantonment main ja Raha tha Bhai? ğŸ˜‚ğŸ˜‚ğŸ˜‚",1522294914670866432
159,"@ColhashimDogar @MuhammadTariq2 This nation has no intention to work hard &amp; be independent of foreign loans but only sloganeering to be independent but begging loans from IMF, WB, ADB, friendly countries and whosoever is prepared to give loan. Whole year Jalsa, Jaloos, Dharna by political parties out of power !",1522282041047457795
160,IF YOU LIKE CHILDREN IN JALOOS CONTACT DIESAL HE BRING LOT OF THEM https://t.co/EDFOcFJ6my,1522241669663502347
161,@omkara47 @soldierspeaks is me hnsne wali kya bat hai udr koi gov thori hoti jo ho kuch jaloos wagera,1522241000294473732
162,@omkara47 @soldierspeaks koi jalse jaloos ane niklte bs voting hoti agr niklte hain b to bahir cantt se andr allowed nae I second that,1522237712882970626
163,@Manzoor64293916 @FarooquiJameel Aaj jhanday lay jana cantt area mein or kal jalsay jaloos bhi nikal lena cantt mein. Phir cantt to na huwa ghunda gardi ka adda ho gaya.,1522213011015970817
164,"#Ø¹Ù…Ø±Ø§Ù†ÚˆÙˆ
Saray Chutiyu I mean Youthiyu se pochna tha ke Imran Khan Kiya kaam Kare jiski waja se Tum log apni bahen Tak lay aatay ho jalsoo jaloos aur dharnoo me ? 
CPEC isnay khatam Kya, Kashmir isnay gift Kardiya, ab America ki Jung karwakar Atomic Bombs gift karega ye likhlo ye",1522210332910968832
165,@MirzaZulqrnainA @MaryamNSharif ğŸ˜‚ğŸ˜‚ğŸ˜‚ Allah ki qsam lante prni hn jutty prny zaleel raj k hona na kro jaloos,1522208403770298368
166,"Oh bhai @ImranKhanPTI march ki call de yeh chor chutyapay Jalse jaloos wale 

Yeh marwa den ge tujhe in ko jitna time de ga,yeh kon chutiy@ tujhe mashware de rha he city city jalse karne ka 

Thori khud bhi Aqal honi chahye, arsa ho gya politics me tumhen

#importedgovernment",1522202113048289285
167,RT @laalaakhaan: @Thatalien96 @siasatpk Cantt billul fauji jagah nahi hei . Residential and Commercial area hei . Mein rehta hon cantt meinâ€¦,1522198848281530368
168,"RT @GulabFaqeer: https://t.co/QWolM4C20T
Noha Hussain Dab Nahi Sakta | Markazi Matami Jaloos | Seengar Ali Saleem https://t.co/9YhAPzv3Ph",1522182380940931072
169,"https://t.co/QWolM4C20T
Noha Hussain Dab Nahi Sakta | Markazi Matami Jaloos | Seengar Ali Saleem https://t.co/9YhAPzv3Ph",1522175596922556417
170,"RT @Malwewala: If someone's asking something in
punjabi. Answer them in punjabi 
angreji bol ke jaloos na kadeya kro",1522166731602468865
171,@ImranRiazKhan Cantt mea wasay bhi nahi allow koi jalsa jaloos,1522166187785965569
172,"@sib_m_96 @SAYYEDA19117557 Jiska ghr huga usku koi general bhi nhi rok skta ye tu aap aur mein sb jaanty hein, all i am saying roka isy bhi nhi sirf kaha jhanda utaar du, although i am not supporting this act but i am saying ky wo csntt ku ksi trha ky jalsy jaloos k liye support nhi krny dety hameisha sy",1522134163104702468
173,@PaperBagArsh There was a time when Sikh parents would basically cut off contact with a daughter who couldn't respect her religion enough to not marry out of it. Now some moorakh parents actively flaunt the fact that they failed as both parents and Sikhs. Salayea ne kinna jaloos kadhia,1522089342788902913
174,Baat khuch ur hai. I am confused that why not our main stream political parties make jalsa &amp;jaloos in queeta or blochistan. Is it still part of PK ? I need an expert answer to clear my &amp; our new generation minds. Even no news from queeta about any Eid or festival in media why ğŸ¤” https://t.co/ND3XcdEPYs,1522083688116371457
175,@FaizaNa31991953 @punjabpower1 @ImranRiazKhan Baat khuch ur hai. I am confused that why not our main stream political parties make jalsa &amp;jaloos in queeta or blochistan. Is it still part of PK ? I need an expert answer to clear my &amp; our new generation minds. Even no news from queeta about any Eid or festival in media why ğŸ¤”,1522083653416886278
176,@NazarHussainK20 Baat khuch ur hai. I am confused that why not our main stream political parties make jalsa &amp;jaloos in queeta or blochistan. Is it still part of PK ? I need an expert answer to clear my &amp; our new generation minds. Even no news from queeta about any Eid or festival in media why ğŸ¤”,1522083248410697728
177,@paroooo786 @Hiba_Sultan007 @Jannatferoze I am confused that why not our main stream political parties make jalsa &amp;jaloos in queeta or blochistan. Is it still part of PK ? I need an expert answer to clear my &amp; our new generation minds.,1522082513321185280
178,@Hiba_Sultan007 I am confused that why not our main stream political parties make jalsa &amp;jaloos in queeta or blochistan. Is it still part of PK ? I need an expert answer to clear my &amp; our new generation minds.,1522082188530958337
179,I am confused that why not our main stream political parties make jalsa &amp;jaloos in queeta or blochistan. Is it still part of PK ? I need an expert answer to clear my &amp; our new generation minds. https://t.co/KZO28fFQWq,1522081839946600449
180,@ImranRiazFanz I am confused that why not our main stream political parties make jalsa &amp;jaloos in queeta or blochistan. Is it still part of PK ? I need an expert answer to clear my &amp; our new generation minds.,1522081787199041537
181,@Hiba_Sultan007 @ImranRiazFanz I am confused that why not our main stream political parties make jalsa &amp;jaloos in queeta or blochistan. Is it still part of PK ? I need an expert answer to clear my &amp; our new generation minds.,1522081518335766528
182,@N00R_U1 @ImranRiazFanz I am confused that why not our main stream political parties make jalsa &amp;jaloos in queeta or blochistan. Is it still part of PK ? I need an expert answer to clear my &amp; our new generation minds.,1522081486169681920
183,@insafkhanjust1 @ImranRiazFanz @HassanJ8211 I am confused that why not our main stream political parties make jalsa &amp;jaloos in queeta or blochistan. Is it still part of PK ? I need an expert answer to clear my &amp; our new generation minds.,1522081445811994624
184,@Mirha44276587 @ImranRiazFanz I am confused that why not our main stream political parties make jalsa &amp;jaloos in queeta or blochistan. Is it still part of PK ? I need an expert answer to clear my &amp; our new generation minds.,1522081409531273216
185,@shayezakhan @ImranRiazFanz I am confused that why not our main stream political parties make jalsa &amp;jaloos in queeta or blochistan. Is it still part of PK ? I need an expert answer to clear my &amp; our new generation minds.,1522081269265440769
186,@abdulra53017057 @ImranRiazFanz I am confused that why not our main stream political parties make jalsa &amp;jaloos in queeta or blochistan. Is it still part of PK ? I need an expert answer to clear my &amp; our new generation minds.,1522081229352448000
187,@UzmaSha93183381 @UmairAshrafCh @ImranRiazFanz I am confused that why not our main stream political parties make jalsa &amp;jaloos in queeta or blochistan. Is it still part of PK ? I need an expert answer to clear my &amp; our new generation minds. @Haqeeqat_TV @ImranKhanPTI @AajKamranKhan @MaryamNSharif,1522081078474903553
188,@SheherBanoPTI @ImranRiazFanz I am confused that why not our main stream political parties make jalsa &amp;jaloos in queeta or blochistan. Is it still part of PK ? I need an expert answer to clear my &amp; our new generation minds.,1522080791622213632
189,@kibria10101 @ImranRiazFanz I am confused that why not our main stream political parties make jalsa &amp;jaloos in queeta or blochistan. Is it still part of PK ? I need an expert answer to clear my &amp; our new generation minds.,1522080758315298821
190,@UzmaSha93183381 @de934480c61a479 @ImranRiazFanz I am confused that why not our main stream political parties make jalsa &amp;jaloos in queeta or blochistan. Is it still part of PK ? I need an expert answer to clear my &amp; our new generation minds.,1522080715680190466
191,@Awais_MAJ @ImranRiazFanz I am confused that why not our main stream political parties make jalsa &amp;jaloos in queeta or blochistan. Is it still part of PK ? I need an expert answer to clear my &amp; our new generation minds.,1522080685258850305
192,@AHSANKH90 @ImranRiazFanz I am confused that why not our main stream political parties make jalsa &amp;jaloos in queeta or blochistan. Is it still part of PK ? I need an expert answer to clear my &amp; our new generation minds.,1522080540861599746
193,@ImranRiazFanz @Abha17820634 I am confused that why not our main stream political parties make jalsa &amp;jaloos in queeta or blochistan. Is it still part of PK ? I need an expert answer to clear my &amp; our new generation minds.,1522080395528916992
194,RT @laalaakhaan: @Thatalien96 @siasatpk Cantt billul fauji jagah nahi hei . Residential and Commercial area hei . Mein rehta hon cantt meinâ€¦,1522071587587072005
195,"@RAMSINHZALA12 @ajitanjum Jagah kam padti the
is leye
but galati the
is baar sudhar liya
sadko par Namaj nahi hue
par
kuch log apni galtiya
jaise
Masjid ke aage jaloos ko rokna
Logo ko bhadkane ke leye
Galiya
Bhadkao speech
hate speech
Dharmik sansad me
Musalmano ko maarne ka  khuna elan
ise bhe teek karo",1522068483718418432
196,RT @JSAF08761645: @MoeedNj @YouTube @MoeedNj respectfully disagree. Cantt areas doesn't allow any political and crowds gathering. I haven'tâ€¦,1522067386035326980
197,"@MoeedNj @YouTube @MoeedNj respectfully disagree. Cantt areas doesn't allow any political and crowds gathering. I haven't seen any Jalsa/ Jaloos in Forces areas so we should not support this activity. 
#Ø§Ù…Ù¾ÙˆØ±Ù¹Úˆ__Ø­Ú©ÙˆÙ…Øª__Ù†Ø§Ù…Ù†Ø¸ÙˆØ±",1522066155111952384
198,@i_mAfridi @Iam_Mian ab to TLP walay ni ly k gay logo ko jaloos ly ğŸ˜,1522060728835915776
199,RT @laalaakhaan: @Thatalien96 @siasatpk Cantt billul fauji jagah nahi hei . Residential and Commercial area hei . Mein rehta hon cantt meinâ€¦,1522021926020870145
200,RT @laalaakhaan: @Thatalien96 @siasatpk Cantt billul fauji jagah nahi hei . Residential and Commercial area hei . Mein rehta hon cantt meinâ€¦,1521997311840194560
201,"@ambreenqureshi @warwounded__ Hmara Cantt Area Zindabad, sb parties k flags use hoty azadi h koe mna nhe krta jalsy jaloos mn sb krty",1521984541174423554
202,People might not like it but itâ€™s true. Just like Tendulkar prolonged his career after his peak 1996-2003â€¦same was Kohli is just playing for himself as he had passed his peak 2014-2019.This happens only in India.Apna jaloos khud nikalte hai yeh bade cricketers.Go with grace man,1521982935452160000
203,"@warwounded__ @meddytweets Flags not allowed,, Sarkar he political party k flags hmary Cantt Area mn hn, aam use hoty hr jalsy jaloos mn kbi nhe mna kia ksi ny",1521982184885821442
204,RT @laalaakhaan: @Thatalien96 @siasatpk Cantt billul fauji jagah nahi hei . Residential and Commercial area hei . Mein rehta hon cantt meinâ€¦,1521972304699432963
205,RT @laalaakhaan: @Thatalien96 @siasatpk Cantt billul fauji jagah nahi hei . Residential and Commercial area hei . Mein rehta hon cantt meinâ€¦,1521972047492046848
206,RT @laalaakhaan: @Thatalien96 @siasatpk Cantt billul fauji jagah nahi hei . Residential and Commercial area hei . Mein rehta hon cantt meinâ€¦,1521962127086473219
207,RT @laalaakhaan: @Thatalien96 @siasatpk Cantt billul fauji jagah nahi hei . Residential and Commercial area hei . Mein rehta hon cantt meinâ€¦,1521947149298241536
208,imran khan ki duti start ho gye .ye aysa insan ha jo oposition me reh  kr jasey jaloos me khoob  mehnat krta hai or jab hukomat me ata ha tu aram se khata hai.or jab is se swal hota k log ghurbat ki waja se khudkushya kr rahe hai tu ye kehta ha k me kya karo sakon tu qabar me ha,1521943650909007876
209,RT @MusharafMagray_: @khizarA04 Apko kis jahil ny bola k k cantt area mn koi political jalsa jaloos ni ho skta? Wahcantt jo bot dangerous jâ€¦,1521943540867215362
210,@ImranRiazKhan Chutiye cant ma wese b jaloos nai niklte tje phle dafa pta chla,1521942524528521216
211,@khizarA04 Apko kis jahil ny bola k k cantt area mn koi political jalsa jaloos ni ho skta? Wahcantt jo bot dangerous jaga ha yha Too hota ha pta ni es sy bra cantt kha ha aur kis ki bat kr rhy hn hwai fire krna Chor dyn ab plz,1521942187465977858
212,RT @laalaakhaan: @Thatalien96 @siasatpk Cantt billul fauji jagah nahi hei . Residential and Commercial area hei . Mein rehta hon cantt meinâ€¦,1521927171215867906
213,RT @laalaakhaan: @Thatalien96 @siasatpk Cantt billul fauji jagah nahi hei . Residential and Commercial area hei . Mein rehta hon cantt meinâ€¦,1521922696392724480
214,RT @laalaakhaan: @Thatalien96 @siasatpk Cantt billul fauji jagah nahi hei . Residential and Commercial area hei . Mein rehta hon cantt meinâ€¦,1521913913503358978
215,"@saaikra5 @Thatalien96 @siasatpk Jee bilkul . Har street mein jalsay hote jaloos hote , poora cantt flags , banners , posters se bhara hota . Hamein to aaj tak feel hi nahi hua keh Election ke mamlay mein Cantt different hei dosre areas se",1521913611605757954
216,RT @laalaakhaan: @Thatalien96 @siasatpk Cantt billul fauji jagah nahi hei . Residential and Commercial area hei . Mein rehta hon cantt meinâ€¦,1521913443967774720
217,@ImranRiazKhan Jab NAMOOS E RISALAT kay haq mein jaloos nikala tha us waqat jo zulam hoa uss waqat tum makar chawal saanp soongh gya tha. Munafaq e azam #lafafa_sahafi,1521907765131853825
218,"@Thatalien96 @siasatpk Cantt billul fauji jagah nahi hei . Residential and Commercial area hei . Mein rehta hon cantt mein yahan jalsay jaloos sab kuch hota hei . Koi pabandi nahi . Gharon , garion , bikes sab pe political parties kay flags lagay hote . 

Hyderabad Cantt https://t.co/3U7ud44Vbr",1521907444078850049
219,"@siasatpk What a shame ?? I have seen jaloos inside cant areas....what are they afraid of ??
Does this man have RSS Flag?? 

What a shame Bajwa ! You are disgusted.",1521906849842450436
220,@mirzaBu88753988 Eid ka jaloos,1521893525708750850
221,@Republic_Bharat Saala totla agar dango ko shanti bolta hai to jab 1000/2000 log maare jaenge tab isko dange lagenge iss bar election hone do iska jaloos to hum rajasthan wale acche se nikalenge,1521859976926416897
222,@ImranKhanPTI Do not sit in dharna style in unprotected tent. Nation has heard you. Further  messages can be effectively delivered through video links in all cities on big screens. You can address jalsa but do not walk in jaloos. Nation needs you. If you die mission will fail,1521853258435866625
223,@ImranKhanPTI Again if your goal is to get pakistan real Azadai you have to live and fight for it. In jalsa use protective screen wear protective vests. Do not appear on streets in Jaloos. Use video links to address. Time has changed. It will be equally effective. We are worried.,1521850999731806209
224,@TahirAshrafi Kia Rashid Shafeeq ne Masjid e Nabwi mein koi jaloos organize Kia ? Kia us ne Nara bazi ki? Mein Saudi Arab mein 37 sal Raha hoon Kia Saudi police itni kamzoor he keh Woh Kisi juram Karne wale ko pakar na sakee agar Rashid mujrim hota to zaroor pakra jata.,1521838071452418048
225,@momynah jaloos,1521813851158679552
226,"Wo agr ghum ko bolany k lye gunguna raha to ganay dain ..PTI  k b her jalse, jaloos or dharno main  yehi hota aya h or ho rha.... by the way ye  kon c cabinet meeting h ?????? https://t.co/2pqRAnQDZw",1521802907624038401
227,"PTI will get Power again With 2/3rd majority.
People are wholeheartedly supporting Imran Khan everything is going in our favour but I'm afraid PTi will lose this momentum Just becoz of Long March.
Be Patient Plz Keep putting pressure by doing Jalsy Jaloos but avoid Long March.",1521800021095686145
228,@yogitabhayana Jis desh me satta me baithe log rapisto ke liye jaloos nikalenge uss desh me aisa hi hoga kyoki janta vote bhi unko hi deti hai,1521756084058443777
229,@YogiRashtra2024 @JitendraStv @asadowaisi Videsh me Gandhi ki baat aur Bharat mein nathuram godse ki mandir me puja. Gali dete hue yuvak talwar lekar masjid ko jalane jaloos nikalte hain,1521735757483937792
230,"Hon'bles of PTI officials at City level
@ImranKhanPTI #LongMarch should B #wellOrganised #NoGaps #SecurityCheck for every one, and Gathering fm City2City, Don't Bypass Each other Rather UnityWalk,Smaller Jaloos merger in2 bigger ones of Cities coming in2 Ur Routes @MashwaniAzhar",1521717303695626240
231,RT @iJasOberoi: Show me another set of people who kaddo their jaloos like this.,1521566332902580224
232,@Sabbandkardo @PMLNEconomy @pmln_org Aur agar economy ka sahi jaloos nikalna hey tho Farrukh Saleem ko ley aao....,1521563171361898497
