0,"A o A 
Jalse jaloos hote rahenge pehle mere pyare watanbko in choron luteron se bachao nikalo assemblyon se 
#Ø§Ù…ÙˆÙ¾ÙˆØ±Ù¹Úˆ_Ø­Ú©ÙˆÙ…Øª_Ù†Ø§Ù…Ù†Ø¸ÙˆØ±",1515576422148018179
1,@md_ghufrankhan @onlyonenetra @ANI_MP_CG_RJ I agree so next time Muslims should not take jaloos processions outside a temple or in Hindu areas. Sounds fair?,1515574138932371458
2,"RT @jontychawla: @the_hindu Then Muharram jaloos should be in only ""Muslim areas"" ....

Namaz on Roads should be in ""Muslim areas"" .... ğŸ¤”â€¦",1515571944178946052
3,"RT @SheilaSandhu: @Bikuengr Chhupana bhi nahi aata ye dono koh, kudh ka jaloos nikalte...
BB kaunsa television set tha joh lotion laga karâ€¦",1515569621025189891
4,"@ippatel Illegal hathiyaar lekar Muslimon ko buri galiyan deta Muslim ke Masjidon pe hamla, Muslim ke Dargahon pe hamla ye  Ram navmi ke jaloos me kiya gaya.",1515567834096541700
5,"@VijayVst0502 Sahi kiya , Sickular mama fir harega, Bhopal me tu jaloos ki anumati hi nahi di",1515564406528114689
6,@AnchalTv @TheShubhamtv Jaloos nikalte hue kise ke dharam sathan per bagwa jhanda farana kaun si Sanskriti ka hissa haiâ€¦madamâ€¦Hindu to pooja aaj bhi kar sakta haiâ€¦par esi pooja pahle kabhi nahi dekhiâ€¦,1515563135129702401
7,"RT @Indian19100: Mulk me lagatar Ram Navmi joloos k naam me masjido pe hamle,unke upar Bhagwa jhanda lagana,mÃ¼slim properties ko target krâ€¦",1515562995518255105
8,"RT @jontychawla: @the_hindu Then Muharram jaloos should be in only ""Muslim areas"" ....

Namaz on Roads should be in ""Muslim areas"" .... ğŸ¤”â€¦",1515559728818049024
9,@AbrarAnsarAB1 @NamosenaIndia24 @farman_ansari07 @ArvindKejriwal Hindus kitne rhe hai pakistan m aur kashmir m us zulm p bolo kitno n waapis gun uthayee ....5 saal k bache pathar mar Rhee thee ....Aur bhat rhii videos k toh m bhi beej skta hu temples k bahar jaloos jismee galaat slogans lgte haii Parr koi pathrav nhi hota.  Pathrav plan h,1515559098565087235
10,@Bikuengr @Paramji81533498 Jaloos toh phir be nikal hi gaya... She tried to cover up by saying BB mein lagata tha but tv kaha thi BB meinğŸ˜‚ğŸ˜‚,1515558988553031680
11,"RT @jontychawla: @the_hindu Then Muharram jaloos should be in only ""Muslim areas"" ....

Namaz on Roads should be in ""Muslim areas"" .... ğŸ¤”â€¦",1515556646893748225
12,"RT @jontychawla: @ShineHamesha @sardesairajdeep Rajdeep .... You have given a good point .... 

Then Muharram jaloos should be in only ""Musâ€¦",1515553487081275394
13,"RT @jontychawla: @the_hindu Then Muharram jaloos should be in only ""Muslim areas"" ....

Namaz on Roads should be in ""Muslim areas"" .... ğŸ¤”â€¦",1515550066412777474
14,@ANI @ArvindKejriwal aaj nahi poochega ki kaun si kitaab mai likha hai ki .. jaloos pe patthar fenko .. u hv made Delhi hell,1515541923779395586
15,@aajtak @JournoAshutosh @TanseemHaider Bilkul Durga Pooja &amp; Ganpati pe isse bade bade jaloos nikalte h lekin Masjid pe Jhanda Sri Ram vaalon ko lagana h... Kyn???,1515541883413745665
16,"RT @jontychawla: @the_hindu Then Muharram jaloos should be in only ""Muslim areas"" ....

Namaz on Roads should be in ""Muslim areas"" .... ğŸ¤”â€¦",1515540898662449152
17,@naveenjindalbjp 2 may ko koi jaloos Nahi nikalne do,1515540373166501890
18,"ğŸ”´Ram Numi jaloos nikal k masjido pe hamla krna yeh sab desh k muslamano k khelaf kisi bahot bade genocidal sajis ka hissa maaloom hota hai Delhi me bhi wahe hua jaloos nikal kr masjid pe patrao kiya gaya phir bhagwa jhanda lagani ki kosish hue,yeh pattern har jagha apnaya ja rha",1515536558673301514
19,"Mulk me lagatar Ram Navmi joloos k naam me masjido pe hamle,unke upar Bhagwa jhanda lagana,mÃ¼slim properties ko target kr k market me sirf muslim dukano ko lootna,masjid k samne Ram Numi jaloos ruk k DJ me anti MÃ¼slim song bajana yeh sab desh k muslims k khelaf sajis ka hissa hai",1515534590106030080
20,"RT @jontychawla: @the_hindu Then Muharram jaloos should be in only ""Muslim areas"" ....

Namaz on Roads should be in ""Muslim areas"" .... ğŸ¤”â€¦",1515531847845163009
21,"RT @jontychawla: @the_hindu Then Muharram jaloos should be in only ""Muslim areas"" ....

Namaz on Roads should be in ""Muslim areas"" .... ğŸ¤”â€¦",1515530655605850115
22,"@the_hindu Then Muharram jaloos should be in only ""Muslim areas"" ....

Namaz on Roads should be in ""Muslim areas"" .... ğŸ¤”

These people are creating 1947 type situation ..... Here Gandhi failed for which he was killed.",1515519758073937921
23,"RT @jontychawla: @ShineHamesha @sardesairajdeep Rajdeep .... You have given a good point .... 

Then Muharram jaloos should be in only ""Musâ€¦",1515511820919853060
24,"chicken legs &amp; fannies closed, modi beta jaloos nikalo, jaha sab mard aur aurtein nange ho. So everyone shows their willies &amp; women show fannies &amp; tits pir poori duniya ko telecast karo ke duniya walo dekho kitna mahaan hain humara bharat. Calling you animals is an insult to ğŸ”»",1515509285526155272
25,@mmnoorulhaque @paykhar News main to hamare jalsay jaloos b nahi aa rahain,1515482406278598656
26,"@kawalpreetdu Yeh log apna festivel jab se BJP ayi hai muslim ko chidane ke liye manate hai
Janha muslim dekha zor se chhilana ayege unke ass pass ho kar jaloos nikalenge pehle bhi hota tha kanha danga hota tha yeh sab BJP ki give support kar ke karati hai",1515477594342236161
27,"@Bikuengr Chhupana bhi nahi aata ye dono koh, kudh ka jaloos nikalte...
BB kaunsa television set tha joh lotion laga kar news lagata thağŸ¤£ğŸ¤£",1515446652966170625
28,RT @NarendraMoMo: For years Hindus took out Jaloos on their festivals while Muslims carried out there peacefully just to celebrate their owâ€¦,1515435031837097984
29,"@ij422 Beta Bazurg Kaha Krty The Sanp Or Gujrati Nazr Aye Tu Pahle Gujrati Ko Maro Tusi Oo Shair Fyr Jaga Dita Hm Apna Jaloos Gujrat Tu Dhor Rakhio Shapero.,! Gujrati ğŸ”¥",1515431398772989952
30,RT @NarendraMoMo: For years Hindus took out Jaloos on their festivals while Muslims carried out there peacefully just to celebrate their owâ€¦,1515428010299912192
31,"@syedzaighum110 Jiyala Bana sa behtar ha youthiya ban Jaya... Hum saniha kohistan, chilas o babusar nahe bhoola... Aur na e hum Karachi jaloos damaka bhoola aur na e quetta k Shaheedun ko...",1515427656342200320
32,@SyedaZ_ Traffic srf bagh e jinnah k aas pas jam tha baki pora karachi khula va tha kahin par b jaloos ki waja say traffic jam nh tha to phr ap khud andaza laga lain k kitnay log hngain jalsi main,1515424591480557569
33,@insafiyans_pti @laibatabis @TheSaadKaiser Is se buhat bara jalsa tu molana ne kiya tha yahan pr or jamaat e islami ne bhi is se bht bara jalsa kiya tha but how many seats they can win? So it's really simple jalse jaloos is part of elections campaign but asal baat swing voters ki hoti hai.,1515418926875746305
34,@Luvkarbala72 EXCUSE ME? What do you mean by zaati bughaz? Thereâ€™s always a way of doing things. Doing Jalsa jaloos that create problems of others is no good. Plan it where itâ€™s feasible and doesnâ€™t become an issue for other citizens,1515411737859989505
35,"@reema_omer Bibi incite Violence karna hota tou PTI Walay Pura jaloos Apkay AndR Bahir ho jatay.
They have shown the most peaceful largest political gathering in the history of this country. So you can btch all you like but ppl see through your BS.",1515409767635865600
36,"RT @jontychawla: @ShineHamesha @sardesairajdeep Rajdeep .... You have given a good point .... 

Then Muharram jaloos should be in only ""Musâ€¦",1515393109878018051
37,RT @NarendraMoMo: For years Hindus took out Jaloos on their festivals while Muslims carried out there peacefully just to celebrate their owâ€¦,1515392891845152772
38,Jaloos https://t.co/ds1Kg8s9xN,1515392726614908929
39,@ArvindKejriwal Bohot purana formula h..apne jaloos pr khud pathhar  pheko or muslims ki dukan or makan jalao,1515392579856044034
40,Malik Riaz k lefty. Air Marshal Asghar khan ka jaloos 11Miles lamba tha. Ye Dahi inch ka h kali dal wala. https://t.co/KfiKZrd5DT,1515391627271053326
41,@MeharbanAmrohvi @Hindustani_1no @yadavakhilesh Aur tum log jab jaloos nikalte ho to kirpans aur dande kion lekar chalte ho aur gana lagate ho deen ka jhanda gadenge jo samne aur usse chirenge aur fadenge . Tab kabi dekha kisi Hindu ne ek bhi pathar mara ho,1515391602235219971
42,"RT @jontychawla: @ShineHamesha @sardesairajdeep Rajdeep .... You have given a good point .... 

Then Muharram jaloos should be in only ""Musâ€¦",1515383325967675392
43,"RT @MohammadUsmanSh: Imran Khan k kay khaali jalsay jaloos karnay sa establishment  ko kia faraq paray ga ??
Ye jalsay jaloos  kahin waqt kâ€¦",1515381363754553346
44,"RT @MohammadUsmanSh: Imran Khan k kay khaali jalsay jaloos karnay sa establishment  ko kia faraq paray ga ??
Ye jalsay jaloos  kahin waqt kâ€¦",1515381158095339523
45,Idher ambulance ko koi mushkil nai hoti ye sirf opposition k jaloos aur rallies mei hoti hai ğŸ¤ğŸ˜¬ https://t.co/BXCQ32czYj,1515380058755678216
46,RT @NarendraMoMo: For years Hindus took out Jaloos on their festivals while Muslims carried out there peacefully just to celebrate their owâ€¦,1515379415303143424
47,@CMShehbaz @kamran148 Y u don't band this bullshit party u should take a hard step against Imran khan party and stop his jalsay and jaloos like he was did before .... govt must b band his part for 5 years ta k ap log Kuch Kar skaho otherwise Pakistan ko.tu kahian or hi ly k ja Raha hia yeh ........,1515376075760676869
48,RT @NarendraMoMo: For years Hindus took out Jaloos on their festivals while Muslims carried out there peacefully just to celebrate their owâ€¦,1515375701108486149
49,RT @NarendraMoMo: For years Hindus took out Jaloos on their festivals while Muslims carried out there peacefully just to celebrate their owâ€¦,1515373332245331974
50,"RT @QaiserShaukat: @Hammad_Azhar Hakomat hamzay ki bani .jaloos PTI ka itna bara ğŸ˜

#Ø§Ù…Ù¾ÙˆØ±Ù¹Úˆ_Ø­Ú©ÙˆÙ…Øª_Ù†Ø§Ù…Ù†Ø¸ÙˆØ±",1515372983707213831
51,"RT @QaiserShaukat: @Hammad_Azhar Hakomat hamzay ki bani .jaloos PTI ka itna bara ğŸ˜

#Ø§Ù…Ù¾ÙˆØ±Ù¹Úˆ_Ø­Ú©ÙˆÙ…Øª_Ù†Ø§Ù…Ù†Ø¸ÙˆØ±",1515372712587370500
52,"RT @QaiserShaukat: @Hammad_Azhar Hakomat hamzay ki bani .jaloos PTI ka itna bara ğŸ˜

#Ø§Ù…Ù¾ÙˆØ±Ù¹Úˆ_Ø­Ú©ÙˆÙ…Øª_Ù†Ø§Ù…Ù†Ø¸ÙˆØ±",1515372379832082432
53,"@Hammad_Azhar Hakomat hamzay ki bani .jaloos PTI ka itna bara ğŸ˜

#Ø§Ù…Ù¾ÙˆØ±Ù¹Úˆ_Ø­Ú©ÙˆÙ…Øª_Ù†Ø§Ù…Ù†Ø¸ÙˆØ±",1515371840973467648
54,"@BJP4Delhi got success!
Don't know why the party is continuously promoting religional imbalance and disputes. I've never seen any kind of 'Jaloos' or 'Shobhayatra'  on Hanuman Janmotsav till now. Why only this year !? It's clear enough that it was a 'prayog' by @BJP4Delhi",1515371685821952001
55,"Guys now what? Woi jalsa jaloos ? Container march etc ?
And they won't let pti to come in power again. What's the end then ?",1515371135319388169
56,@HashUrTag Isay baray jalsay tou #PTM krleti hai ! Is mulk mai baray jalsay krna koi mushkil kaam nhi sab k hi baray hotay hain aur yeh jalsay jaloos ground realities define nhi krte. Its just a delusion !,1515369004264792064
57,"@kamleshuniyal1 Kisko pasand hai ki jaloos ke nam pe ye sab shuru ho jae jehangirpuri ilake se jaloos kyu nikala gaya kaun kar Raha kaun karwa raha hai jab hath me uthi talware to police ne poocha kyu nai 
Kya dekha ja raha hai 
Kab tak ye loud speaker aur dharm ka mamla chalegasir",1515368102707412993
58,"RT @MohammadUsmanSh: Imran Khan k kay khaali jalsay jaloos karnay sa establishment  ko kia faraq paray ga ??
Ye jalsay jaloos  kahin waqt kâ€¦",1515366822731816960
59,RT @NarendraMoMo: For years Hindus took out Jaloos on their festivals while Muslims carried out there peacefully just to celebrate their owâ€¦,1515366447240794113
60,"For years Hindus took out Jaloos on their festivals while Muslims carried out there peacefully just to celebrate their own thing.
Now since goons have taken over all the religious processions, every other day their are clashes and violence.
This Country has gone down the drain.",1515366063504257029
61,"@AmitLeliSlayer Aur hindu bhag rahey. J b poocho, police kahan thhi jab j jaloos oos illakay say guzrna thha, raiki kiun nahin ki. Kiun pahlai say hi kadam kiun nahin ooth a. Ab ghumnay ka kiya fayeda.",1515357747318976512
62,"RT @MohammadUsmanSh: Imran Khan k kay khaali jalsay jaloos karnay sa establishment  ko kia faraq paray ga ??
Ye jalsay jaloos  kahin waqt kâ€¦",1515352179938590726
63,"@eaglei1982 @naveenjindalbjp Don't keep your eyes shut always, why hindu traditions irritate these organised rioters, give me one example where hindus have attacked their muharram jaloos, or eid celebrations. Why police for celebrations. Yes bandobast police party was there which prevented casualties.",1515351299075706883
64,"Imran Khan k kay khaali jalsay jaloos karnay sa establishment  ko kia faraq paray ga ??
Ye jalsay jaloos  kahin waqt ka ziya sabit na hoon #Ø§Ù…Ù¾ÙˆØ±Ù¹Úˆ_Ø­Ú©ÙˆÙ…Øª_Ù†Ø§Ù…Ù†Ø¸ÙˆØ±",1515350227066265608
65,"RT @nad671: Ab khaali jalsey jaloos se ye kam nahi hoga... @ImranKhanPTI
Some bold steps r needed, resign from all assemblies and dissolv kâ€¦",1515337031764914183
66,"RT @nad671: Ab khaali jalsey jaloos se ye kam nahi hoga... @ImranKhanPTI
Some bold steps r needed, resign from all assemblies and dissolv kâ€¦",1515336789606617088
67,"Ab khaali jalsey jaloos se ye kam nahi hoga... @ImranKhanPTI
Some bold steps r needed, resign from all assemblies and dissolv kp assembly.... 
#Ø§Ù…Ù¾ÙˆØ±Ù¹Úˆ_Ø­Ú©ÙˆÙ…Øª_Ù†Ø§Ù…Ù†Ø¸ÙˆØ±",1515336535679324167
68,"@KapilMishra_IND 
à¤œà¤¯ à¤¶à¥à¤°à¥€ à¤°à¤¾à¤® à¤•à¤ªà¤¿à¤² à¤­à¤¾à¤ˆ
à¤œà¤¯ à¤µà¥€à¤° à¤¬à¤œà¤°à¤‚à¤—à¥€
Disturbance in Jahangir puri area of Delhi mob attack on Hanuman jayanti jaloos",1515334708468453378
69,"@AiliaZehra You tweet stupid sh*t everyday, jaloos nikalain tum haray ghar k bahar?",1515325384614572038
70,#Ø§Ù…Ù¾ÙˆØ±Ù¹Úˆ_Ø­Ú©ÙˆÙ…Øª_Ù†Ø§_Ù…Ù†Ø¸ÙˆØ±   #Ø¹Ù…Ø±Ø§Ù† Jaloos preparation â™¥ï¸ https://t.co/umaE0WVod0,1515315645692399617
71,"Ye thulle in england
Na koi future hai inka har jagah se pit hi rhe hai rojà¥¤
India me inka jaloos nikal rakha haià¥¤
Half body walo kaà¥¤
Yahi videsh me bhi krte haià¥¤ London me bhool gye ye kese pitate haià¥¤
Mumbai me animal ki trah rehte haià¥¤

Chor u uchke
Kati nuni wale ğŸ¤£ğŸ¤ŒğŸ¤Œ https://t.co/FgVziNRIXP",1515298437033390082
72,PTI ğŸ… TIGERS NAY MAR MAR K  SPEAKER KA JALOOS NIKAL DIYA . LOOTY OR #Ø§Ù…Ù¾ÙˆØ±Ù¹Úˆ_Ø­Ú©ÙˆÙ…Øª_Ù†Ø§Ù…Ù†Ø¸ÙˆØ±,1515290576526397441
73,https://t.co/WPqUvbSdbh https://t.co/nA6vNZWX1J,1515274422340440067
74,@sardesairajdeep Are we in a Muslim country. Why can't we chant jai shree Ram while taking procession. Don't Muslims chant Allah akabar while in muharram jaloos in front of our houses.,1515271973449830403
75,@INCBihar Kaha berojgar hai..Mike to laga rahe hai..jaloos bhi nikal rahe hai,1515261177810481152
76,"Imran khan ko siasat ni aati ajkal jalsa jaloos ki bajaye, Khan sahb ko chaye tha ajkal apni tawajo Punjab me apni hakoomat bachnay pe daitay zardari ki tarhan jor torr krtay Fundz or wazarat ka lalach day k Pubjab me apnay arkan barhaa k Pervaiz elihai ki Wazir e Aaalaa banatay,",1515252331524554755
77,@iamfaisee @Jemima_Khan Well that's funny. I remember when I was 11 back in 1990 when in Pakistan we had to stay indoors because of JALOOS in order to keep safe. IK was no where near politics then. This is what Pakistanis do best! So don't blame IK for public who never change their historic ways! ğŸ™„ğŸ™„,1515243281151578113
78,@PoojaRathoreS Kuchh to desh k bare me soch kar uss par bhi bat karlo na kabhi hunumanji ne kaha k loudspeaker se problem hai na kabhi alla ne kaha hame ramnavmi k jaloos se problem hai fir aap kyu uss par baval chala rahe hai,1515239315668090880
79,"@ShineHamesha @sardesairajdeep Rajdeep .... You have given a good point .... 

Then Muharram jaloos should be in only ""Muslim areas"" ....

Namaz on Roads should be in ""Muslim areas"" .... ğŸ¤”

Even fourth estate has failed this great country .....",1515229835680907265
80,@Dr_fizakhan hi dr Fiza bahan meri Ramadan ka pawan month hai is me aap ko kuch bol ke maine paap nhi kamana hai . Ap ki ek video dekhi jis me aap kah rahi hai dam navi ke jaloos ne Muslim logo ko mara . Bahan meri muje nhi oata aap roza rakhti hai ya nhi agar rakhti 1/1,1515220532223950849
81,"Jo dathe hain imran k 7 mujhe us jaloos main talash kar
#Ø§Ù…Ù¾ÙˆØ±Ù¹Úˆ_Ø­Ú©ÙˆÙ…Øª_Ù†Ø§Ù…Ù†Ø¸ÙˆØ± https://t.co/oL9MkbUMgx",1515192619265146882
82,"RT @JJassiOfficial: Zabaradasti kisse vi Rabb de naam de naahre lagwana yaa Lagauna, Iss ton vaddi kaffirta te buzdili nai ho sakdi, Je koiâ€¦",1515177431333675010
83,"@Eng_Tayyub @Jemima_Khan @HamidMirPAK @NawazSharifMNS Pta ni tm ghadon ko kb smj ayae gi k Nawaz Traitor ki puri family politics me involve hai har jagha khud jalsy jaloos me biyaan bazi karti hai involve hoti hai
Imran khan ki Family politics me involve nahi hai wo sirf aik civilian hai aur Imran khan ki ex wife hai.",1515174989296664576
84,RT @SoodRajive: 'I urge Geneva Convention Lobby to tell me if stoning &amp; firing on peaceful religious JALOOS is acceptable to them.Why are Dâ€¦,1515159290327228427
85,"RT @SadiaSa55: @PTIOfficialMTN Multan me Kahan he jaloos?

#Ø§Ù…Ù¾ÙˆØ±Ù¹Úˆ_Ø­Ú©ÙˆÙ…Øª_Ù†Ø§Ù…Ù†Ø¸ÙˆØ±
#ImportedGovtNotAcceptable
#ÛÙ…Ø§Ø±Ø§_Ù…Ø·Ø§Ù„Ø¨Û_ÙÙˆØ±ÛŒ_Ø§Ù„ÛŒÚ©Ø´Ù†",1515155138566098956
86,"@MashwaniAzhar El kam kero EVM bhi laga loo takay vote bhi pakay ker loo. Ager jalsey jaloos. Jeetwatay to maulana fazal ur rehman tahayat president hota. Yeah churan un bachoo ko jo 2000 mein payda hoay un ko dayna , khi waloon ko hisaab chayee k 1100 arab rupay kahan hai",1515154906042322947
87,"@PTIOfficialMTN Multan me Kahan he jaloos?

#Ø§Ù…Ù¾ÙˆØ±Ù¹Úˆ_Ø­Ú©ÙˆÙ…Øª_Ù†Ø§Ù…Ù†Ø¸ÙˆØ±
#ImportedGovtNotAcceptable
#ÛÙ…Ø§Ø±Ø§_Ù…Ø·Ø§Ù„Ø¨Û_ÙÙˆØ±ÛŒ_Ø§Ù„ÛŒÚ©Ø´Ù†",1515152453250990083
88,@RKhan18634376 Ye juloos abhi nikal rahe hai pahle toh itne jaloos nahi nikalte the,1515151600041439232
89,"RT @JJassiOfficial: Zabaradasti kisse vi Rabb de naam de naahre lagwana yaa Lagauna, Iss ton vaddi kaffirta te buzdili nai ho sakdi, Je koiâ€¦",1515151256540438530
90,@PKantibhai @RameshLuhar7 Ramnavmi se bhi bada jaloos nikalenge. Dar kar nahi baithenge,1515149670557032448
91,@Abdulla88512038 @arslankhalid_m Jus gustakhi pe yehe bhr nikle thy aj usi gustakh k tweets pe khamosh ho lanat h ase deen k thekedaroon pe. Ab ch**ion ko jaloos nklna yd ni rha.,1515141564129021959
92,"RT @Vkasiii: @geonews_urdu @CMShehbaz He is one of the best leader who will deliver 

Not only speeches &amp; Lectures to Nation
Jalsay jaloosâ€¦",1515133800367509507
93,"RT @JJassiOfficial: Zabaradasti kisse vi Rabb de naam de naahre lagwana yaa Lagauna, Iss ton vaddi kaffirta te buzdili nai ho sakdi, Je koiâ€¦",1515127539911602176
94,"RT @SherazK80583449: Peshawer right now
#Peshawar #lahore #imrankhanPTI #ImranKhan #BLACKPINK #Peshawar #mirpur #kotli mardan #Islamabad #pâ€¦",1515116985994076160
95,"RT @JJassiOfficial: Zabaradasti kisse vi Rabb de naam de naahre lagwana yaa Lagauna, Iss ton vaddi kaffirta te buzdili nai ho sakdi, Je koiâ€¦",1515108208880209920
96,@NoorKha65485462 @JazzYasminAliZ I have not brought this donkey to any jalsa or jaloos and I don't think so people brought it to make any harm to this donkey.,1515068096519753731
97,@siasatpk Rab Jisay chay izat dy or jisay chay zilat. Chand dinoo ma @ImranKhanPTI ka itna arooj. MashaAllah. Yaqeenan kuch to ha IK ma jo Allah Rabul Izat koo itna pasand aya. IK ki last call py loog pori dunya ma isay nikly jisay 10th mohuram ky jaloos.,1515060123135262733
98,@UllahRezvi @ImranKhanPTI Masjiday aksa par hamla howa hai kam az kam usi k khilaf ak jaloos nikal k dikha do,1515040771254239235
99,@HarteerathSingh @SBSSDsewadar Eh guru da name jappan alean da kyu jaloos kdai jande oo ..,1515035784780271617
100,"@ImranRiazKhan Reham khan be imran khan EX Biwi hai.Reham Khan be London mein Rehti hai. Wahan be ja ke Jaloos Nikalein.
Please Share Karny.",1515030608329773058
101,"#Ø§Ù…Ù¾ÙˆØ±Ù¹Úˆ_Ø­Ú©ÙˆÙ…Øª_Ù†Ø§Ù…Ù†Ø¸ÙˆØ± 
Reham khan be imran khan EX Biwi hai.Reham Khan be London mein Rehti hai. Wahan be ja ke Jaloos Nikalein.",1515030410908127237
102,"RT @JJassiOfficial: Zabaradasti kisse vi Rabb de naam de naahre lagwana yaa Lagauna, Iss ton vaddi kaffirta te buzdili nai ho sakdi, Je koiâ€¦",1515029912691818497
103,https://t.co/J7IO9JQ3pf https://t.co/ec8qHNsxUZ,1515025170796273681
104,"@WhybotherMeh @krishna_knot @SukhpalKhaira @BhagwantMann Chahe kuch kaho 92 seat jiske face pe mili hai logo ne usko mauka diya hai, rahul gandhi apni leadership mein congress ko 100 par nhi karwa sakta. Rahul ko Netflix with ganja ka combination zaada suit karega. Jab bhi wo media mein aata hai apna aur party ka jaloos nikal deta hai",1515013999124918277
105,"@geonews_urdu @CMShehbaz He is one of the best leader who will deliver 

Not only speeches &amp; Lectures to Nation
Jalsay jaloos nahi karta 
Kam karta hai !",1515013996163866646
106,https://t.co/eRDQFsu2k7 https://t.co/hmzFc7DGps,1515012739890040836
107,@MaryamNSharif Aslam Alekum meri ek request thi Patrol ki prize ko control krnay k liay 3 din patrol pump band kiay jain takay usage kum ho. Aj kul imran fraudia jalsay jaloos kraha hai or logo ka patrol waste kraha hai. Sunday ko jalsa krta hai takay traffic ko inqlaab keh sakay. Thankyou ğŸ™‚,1515012306291331079
108,"Or ik hmara Pakistan hai jhn army cheif smait sab idary government pura mulk gaddar gulam declared krdia gya hai sare e amm jalsa jaloos kr rhy hain or khty kya hain azadi chhye . 
Kya yeh azadi nhi hai k sbko gaddar declared kr khud muhb e wtn bny hoye. https://t.co/cnKg4hmwWv",1515005054574596103
109,@SkyisNeela Hamid  mir ke gher chale jana chaiye jaloos le ker,1514992774990471170
110,"RT @JJassiOfficial: Zabaradasti kisse vi Rabb de naam de naahre lagwana yaa Lagauna, Iss ton vaddi kaffirta te buzdili nai ho sakdi, Je koiâ€¦",1514982765942358017
111,"Today in #gurgaon, whole old railway road was jammed due to some sort of jaloos, people were stuck for hours bcz some people thought it's their right to practice their religion on road. what about others'rights. People were unable to move a inch. Sadar baazar, jacobpura choked.",1514982386148294660
112,"@alisalmanalvi @LailaIkramKhan Kar lenay den bhai inko koshish. Joh awaaam m ghussa or lawa pakk raha woh gali gali kochay kochay, jalsay jaloos, Twitter, Facebook, Tiktok par nazar araha hai. Yeh blunder zrooor karengay or uskay bad power awaaam k pas hoge. Kisi or k pas nahy! #Ø§Ù…Ù¾ÙˆØ±Ù¹Úˆ_Ø­Ú©ÙˆÙ…Øª_Ù†Ø§Ù…Ù†Ø¸ÙˆØ±",1514980407258890242
113,RT @eliteopinionz: Bajwa and company ko bhi sarkon pr nikl kr jalsay jaloos krne chahyen kyun k yeh ill informed youth tv ni dekhti aksr koâ€¦,1514980168980381701
114,RT @eliteopinionz: Bajwa and company ko bhi sarkon pr nikl kr jalsay jaloos krne chahyen kyun k yeh ill informed youth tv ni dekhti aksr koâ€¦,1514980010892963841
115,RT @eliteopinionz: Bajwa and company ko bhi sarkon pr nikl kr jalsay jaloos krne chahyen kyun k yeh ill informed youth tv ni dekhti aksr koâ€¦,1514979462345273351
116,@kim_grewal25 Bilkul â¤ï¸ nai te lokan sahmne jaloos kdd k fer kathe ho jana koi vdia gal nahi.,1514976119803432961
117,RT @eliteopinionz: Bajwa and company ko bhi sarkon pr nikl kr jalsay jaloos krne chahyen kyun k yeh ill informed youth tv ni dekhti aksr koâ€¦,1514975966946340864
118,RT @eliteopinionz: Bajwa and company ko bhi sarkon pr nikl kr jalsay jaloos krne chahyen kyun k yeh ill informed youth tv ni dekhti aksr koâ€¦,1514975861266558979
119,Bajwa and company ko bhi sarkon pr nikl kr jalsay jaloos krne chahyen kyun k yeh ill informed youth tv ni dekhti aksr ko tu pta bhi hoga DJ saab ne press conference ki https://t.co/PBwPTUdFaL,1514975104479944704
120,RT @SoodRajive: 'I urge Geneva Convention Lobby to tell me if stoning &amp; firing on peaceful religious JALOOS is acceptable to them.Why are Dâ€¦,1514965631887679489
121,RT @SoodRajive: 'I urge Geneva Convention Lobby to tell me if stoning &amp; firing on peaceful religious JALOOS is acceptable to them.Why are Dâ€¦,1514959985071239171
122,@milligazette Govt doing absolutely right thing....Attackers and rioters of Ram Navami Jaloos must be dealt with iron fist...,1514959137821495297
123,"@chitraaum,@chitratripathi9 abhi tum ne puchha k,tum masjid me namaz padh skte ho to koi Hanumn 40sa kya nhi padh sakta? to suno,ham mandir k bahar Pooja k waqt waha azaan de?namaz padhe?jesi gande nare jaloos me lage?ham eysa kare to sabko jail me daldoge,chitra bjp ki agent hğŸ˜¡",1514944143285391362
124,"@HamidMirPAK @NawazSharifMNS @Jemima_Khan 2/2 and as a well educated citizen, media person you are provoking? atleast have the guts to stand with the right thing. It's not PTI or Nleague.&amp; the right of jamaima is right here.She never came to any jalsa jaloos to support any party.",1514942373238870034
125,RT @SoodRajive: 'I urge Geneva Convention Lobby to tell me if stoning &amp; firing on peaceful religious JALOOS is acceptable to them.Why are Dâ€¦,1514939907562786820
126,RT @SoodRajive: 'I urge Geneva Convention Lobby to tell me if stoning &amp; firing on peaceful religious JALOOS is acceptable to them.Why are Dâ€¦,1514937586933895174
127,@alok_ajay @anjanaomkashyap @asadowaisi Aage se hindu jaloos mein aane waale sabhi gharon ki pehle se talaashi honi chahiye...waise yeah hoga toh insulting.,1514937015237718020
128,RT @SoodRajive: 'I urge Geneva Convention Lobby to tell me if stoning &amp; firing on peaceful religious JALOOS is acceptable to them.Why are Dâ€¦,1514936587536461825
129,RT @SoodRajive: 'I urge Geneva Convention Lobby to tell me if stoning &amp; firing on peaceful religious JALOOS is acceptable to them.Why are Dâ€¦,1514936537594617856
130,RT @SoodRajive: 'I urge Geneva Convention Lobby to tell me if stoning &amp; firing on peaceful religious JALOOS is acceptable to them.Why are Dâ€¦,1514936227782606860
131,RT @SoodRajive: 'I urge Geneva Convention Lobby to tell me if stoning &amp; firing on peaceful religious JALOOS is acceptable to them.Why are Dâ€¦,1514935992675094537
132,"'I urge Geneva Convention Lobby to tell me if stoning &amp; firing on peaceful religious JALOOS is acceptable to them.Why are Digvijay / Owasis deafeningly silent asks  @Shehzad_Ind of @BJP4India
Do they have any reply?
@TeamSP_Official
@IMinakshiJoshi 
@indiatvnews https://t.co/9nEhuNdH7p",1514935897170448388
133,@MuhammadTahaCh1 Masjid Al aqsa hmara qibla e awal zalimon k humlai ki zad mei Hy kitny jalsay jaloos nikalay hyn?,1514932852378460160
134,"@VinayT10 @Mathura34032743 @apnarajeevnigam palat k panja maar rhe h last 100 saal se. 

ab bol ambedakr jhooth bol rha h yha p 

le padh le, ambedkar ne khud bhi dekha h kaise muslim, hindu jaloos p pathar maarte h...

apni NAPUNSKAT chipa ske ro chipa le ab 
https://t.co/SCh1glr6pD",1514931666191777796
135,"@VinayT10 @Mathura34032743 @apnarajeevnigam 1920 m bhi aese hi  pathar baazi hoti thyi hindu jaloos p, 
1830 m bhi...

sadak kisi k baap ki nhi h ki agar mosque h to vha se na jaye or dhol gaane na bze. 

ab tu bole ga 1830 m bhi hindu preshan kr rhe thye gaane bja k unko. 

same bangladesh or afghanistan m bhi hota h",1514930927058944005
136,@ShyamMeeraSingh Musalman ke mohalle se shobha yatra nahee nikal saktee . is liya  hindu mohalle se bhee koie jaloos nahee nikal sakata.,1514927477142941699
137,"oye Pedaishi khoty

Nawaz Traitor ki puri family politics me involve hai har jagha khud jalsy jaloos me biyaan bazi karti hai involve hoti hai

Imran khan ki Family politics me involve nahi hai wo sirf aik civilian hai aur Imran khan ki ex wife hai.... https://t.co/sSVhJ7NCoE",1514921173221613573
138,"@RakeshM40765496 @dintya15 Mp ne parliament me speaker ko bole ker dekh liya, kuch nahi tab bhi
Jo marzi ker ke dekh lo bhai
Bhira ke vle's ne sadak per jaloos nikal ker bhi dekh liya yeh everest wohi ki wohi hai",1514920344917708803
139,"@ImranRiazKhan Char log bhi nahi anay in khusron kay jaloos main 
#Ø§Ù…Ù¾ÙˆØ±Ù¹Úˆ_Ø­Ú©ÙˆÙ…Øª_Ù†Ø§Ù…Ù†Ø¸ÙˆØ±
#Ø§Ù…Ù¾ÙˆØ±Ù¹Úˆ_Ø­Ú©ÙˆÙ…Øª_Ù†Ø§Ù…Ù†Ø¸ÙˆØ±
#Ø§Ù…Ù¾ÙˆØ±Ù¹Úˆ_Ø­Ú©ÙˆÙ…Øª_Ù†Ø§Ù…Ù†Ø¸ÙˆØ±
#Ø§Ù…Ù¾ÙˆØ±Ù¹Úˆ_Ø­Ú©ÙˆÙ…Øª_Ù†Ø§Ù…Ù†Ø¸ÙˆØ±
#Ø§Ù…Ù¾ÙˆØ±Ù¹Úˆ_Ø­Ú©ÙˆÙ…Øª_Ù†Ø§Ù…Ù†Ø¸ÙˆØ±",1514916391324893187
140,@asmaalizain @SadiaTheSadia She looks stunning ! Jaloos logg! Wish them happiness ğŸŒº,1514911405023109126
141,@vhp4Andaman @VHPDigital @VHPInNews Andaman Dweep samhu meh VHP  Kay duvara Ramnavami Kay deen vishal jaloos deakhkar Yha prakat ho chuka KI Dweep samhu KI Hindu samaj khulkar RAM Bhakt Kay prati Pream prakat karnay lagay .,1514900695149084672
142,bro idk i love that â€œslow motionâ€ pov im ur gf trendğŸ˜­girls so pretty some men straight up jaloos,1514898545874468864
143,"RT @JJassiOfficial: Zabaradasti kisse vi Rabb de naam de naahre lagwana yaa Lagauna, Iss ton vaddi kaffirta te buzdili nai ho sakdi, Je koiâ€¦",1514892398555398144
144,"RT @JJassiOfficial: Zabaradasti kisse vi Rabb de naam de naahre lagwana yaa Lagauna, Iss ton vaddi kaffirta te buzdili nai ho sakdi, Je koiâ€¦",1514891818680590336
145,"Zabaradasti kisse vi Rabb de naam de naahre lagwana yaa Lagauna, Iss ton vaddi kaffirta te buzdili nai ho sakdi, Je koi vi dharam iss gall layee prerda hai taan ohh achha dharam nai e!!!! #religions #Hindustani #bharat #ekta #Unity #Togetherness 
Siyane bano apna jaloos na kadao",1514891426018263042
146,@khan_zafarul Ba.....stones were thrown on Hindu jaloos not on mahaurram jaloos so dont try to play victim world over muslim are turning to be terrorist,1514885724738269187
147,Pata kijye k Muslim mukhalif gana bhi bajta hoga yahe pe isi jaloos me...... https://t.co/hjTPcO6YZx,1514840825397612544
148,"@sakshijoshii Ek mandir bataa doo jiske saamne kisi ne human chain banaai hoo Eid yaa or kisi jaloos mai ..
Baat karte hai secularism ki ...ek haath se Taali nai chaata bajtaa hai bhai....",1514819786148294658
149,"@ShashiTharoor Unity in diversity kgeet ga ga kr Hindu is halath thekh pooncha ha k Pak mein Hindu 1 percent beecha ha,bengala desh mein buree halath hain,hindustan mein ram namvi ke jaloos pr attack  Ab khudh ko jagio lekan dusrio ke sath nafrath nahian kouin sanathan as uppedesh nahian detha",1514818578846941184
150,@NaikRooh Khan sb ki speech bhi bri bri screens per dikhai jyn har jga jahan jaloos ho.,1514805248962949132
151,@shibbu87 @ANI Toh muhrum ka jaloos bhi na nikle.,1514802114400174086
152,@MajorPoonia Andh bhakt Muharram ke jaloos me DJ Baja kar dusre dharm ke logo ko gaali nhi di jati,1514785247640289280
153,@KlasraRauf They should peel off karzai and ghani legacy. Our hungry crowds do the same on jalsa/ jaloos parties.,1514733219551268870
154,@isheetalangural @BhagwantMann @meet_hayer @Sandhwan Ehnu smjaavo yar shrab peeke public ch na jaia kre. Kyu jaloos kdva rea eh,1514721469460217868
155,@SafinaKhann Hehehehe nahe Ye Jaloos jalsoo me me log is liye arahay Han ke logo ko Tafree chhaiye aur Ramzan me jawaan sehri Tak jaagtay han tou chalai PTI  Kay English mujray dekhnay chaltay han taykamtaaki bi karegay ye mind set haj awam ha,1514716208045641733
156,@tausif05101989 @RubikaLiyaquat @brajeshpathakup @AltNews @zoo_bear Kya ho raha hai . aaram se reh rahe hain. Kama kha rahe hain. Ram navmi ke jaloos pe pathaarbaazi kar rahe hain. Jo man main aata hai woh bol rahe hain . Aur kya chahiye?,1514706899459055618
157,@MajorPoonia Depends on secular type jaloos and availability of stones on terrace !!!,1514700920591986688
158,"@KakaNuaman @zeefaham Event: may 28, 2010. Is ko study karo aur dekh lol Kay bad main ahamdis nay koi be ihtejaj ya jaloos Nahi nikala. Aur ap logon Kay molvi CHOTI so bat par Nikal atat hain naray lagatay hain aur Thor phor kartay hain",1514696274859241481
159,PTI JALOOS IN DUBAI https://t.co/zyRVCMwPNM,1514694776427319308
160,@MaryamNSharif Jahil aurat dant kuyn nikal rhi hu tuny bhi to shiyon ky jaloos wali pic edit kr k  upload ki thi yad kr illiterate woman ğŸ‘ ,1514668582776590337
161,"yai Jalsa Jaloos.. it's too old school.. 20th century technique

these gays cause retardation 

use smartphone? it's dirty cheap!",1514666614431571979
162,https://t.co/CJqrP5EXad,1514659728902795267
163,"@SayedQHussain1 @Dakshhh29 @ishkarnBHANDARI Iâ€™ll just end this thread here before you just dig yourself a deeper grave 

â€œJaloos toh moharram ka bhi hota hai pathrav sirf ram Navni mein kyu hota haiâ€

Stop spreading hate. Atleast thatâ€™s written in holy Quran too",1514656094211440640
164,"RT @durraniakbar: This is real WORK to stand &amp; fight for your rights in the court of law with  perseverance, dedication &amp; determination toâ€¦",1514650326816948225
165,@AwareYouth1 @Rofl_Vishvas Ab ..kai..MC.BC...BSDK...bhi to jaloos nikalte hai....Rooj  Suaro jaise...Ghurr..Ghurr...karte aa rahe hai...Unka kya...,1514649991406493697
166,"This is real WORK to stand &amp; fight for your rights in the court of law with  perseverance, dedication &amp; determination to Win. 

Jalsa Jaloos are for Show of Public Strength 
Real game is Legal Fight

Thank you @ImranKhanPTI @InsafPK @PTIofficial @Asad_Umar 
#Ø§Ù…Ù¾ÙˆØ±Ù¹Úˆ_Ø­Ú©ÙˆÙ…Øª_Ù†Ø§Ù…Ù†Ø¸ÙˆØ± https://t.co/UjBU3eekM6",1514649494478102530
167,"RT @Veronika_Gulati: A procession of green flags stops right outside a temple in Uttarakhand, plays speech by Owaisi (not sure if it's @asaâ€¦",1514647815707787265
168,"@umarsaif Even Elon Musk can't buy our leader..

U_thia keyboard warrior on social media.....

In reality
This is jazz cash #
Plz Plz Plz 
Donate 100pkr for khan's jalsa jaloos..
he can't afford..ğŸ˜¢",1514633665917202433
169,@erumzarnain Jyada tension lene ki jrurt nhin hai ji.yeh dunia ka dastoor hai.Sikh community wale Christian bnn rahe hain.Christian v aise bne hain k Foreign wale Christian v sharma jayenge.Jaloos nikal rakha hai christian ka.Harek dhrm mein koi aa rha hai koi ja rha hai.,1514627066259410946
170,https://t.co/uhCjzqxKbo,1514626863477444613
171,"@jibraan_uddin Acha BKL tujhe ye dikha 

Wo jo tere Jihadio ne ram navmi k jaloos pe aatank machaya 
Uspe tere muh mai moot bhar gaya kya.",1514624925008601092
172,We live in a Jaloos country ğŸ¥,1514615308992282625
173,"@sakshijoshii Actually its other way around, they are guarding the ramnavmi jaloos from stone pelters",1514612534078504961
174,@HamidMirPAK This is like revolution. Hamid Mir quoting quranic ayats for Estabishment as they helped PDM to get in power. Hamid Mir was sleeping all time or had too much lassi when PDM was doing all jalsa and jaloos ğŸ˜‚ğŸ˜‚ğŸ˜‚ğŸ˜‚ If PMLN gov offers some things then take it @AmirMateen2 @siasatpk,1514600296495808523
175,"In the DG ISPR Presser, Everything was discussed from the Campaign, to Social Media Trends, NSC, Stock Market, Dollar Price, Protests, Jalsa - Jaloos, Conspiracy, Elections etc. 

""ÙÙˆØ¬ Ú©Ùˆ Ø³ÛŒØ§Ø³Øª Ù…ÛŒÚº Ù†Û Ú¯Ú¾Ø³ÛŒÙ¹ÛŒÚº - ÚˆÛŒ Ø¬ÛŒ Ø¢Ø¦ÛŒ Ø§ÛŒØ³ Ù¾ÛŒ Ø¢Ø±",1514587294472318976
176,"@SwetaSinghAT Bharat or koun? 80 crore janta 5kg ration par Zinda honey ke baawjud, har aadmi aan baan shaan se khada hai..berozgar ki fouz badhti Jaa rahi hai to kya..dharmik jaloos me hissa lene ke liye taiyar hai..",1514584307032944640
177,@rishianu @vasudev_bommana @shashank2909 @BDUTT Shobha yatra ko jaloos nhi kehte madam abhi tak ye bhi nhi pata so called educated,1514577122773270530
178,@Abdullahs_World Yahan to khair hr bndaa hi jalsa jaloos krtaa h chaye oska taulq kisi party se hi ku naa hoo,1514573624161808389
179,"According them they have no connection with politics but in entire press conference they are saying stuff like Stock market, Jalse jaloos and no confidence. 

#BreakingNews
#Ø§Ù…Ù¾ÙˆØ±Ù¹Úˆ_Ø­Ú©ÙˆÙ…Øª_Ù†Ø§Ù…Ù†Ø¸ÙˆØ±",1514564272600367107
180,"@ImranKhanPTI Khan sb ap khud to kahte thy ke jalsy jaloos  se mulk ka nuqsan hota hy phr ab ap ye kam khud kiu kr rhy hen
Govt jis ky kehny pe bhi change hui lkn hui to ek democratic way se hy na. Ap bhi issi tarha face kren. Assembly me muqabla kren .awam ko ullo bnana band kren",1514561489407193090
181,"@YoSavyyy @narne_kumar06 I think he wants to aay JALOOS.. 
Punjabi m jaloos ko kya mtlb h..
ğŸ¤­ğŸ¤­",1514555821337706497
182,@arynewsud Pura Pakistan sadkun per nikal chuka or oversease Pakistani b jalsa jaloos kar rahey hain in halaat mai Khan or us k sathi assembly mai beth k criminals k sath q kar maghaz maari kartey. Lehaza Khan ney faisila kia ki wo awama mai jain gey,1514552901863194633
183,"@vinodkapri @narendramodi Hamne aaj tak nahi suna ki Hindu dharm manane walon ne kabhi kisi dusre majhab ke logon ke jaloos roka Ho...phir yeh pathrao kyun
Bharat ki kaun kaun si political parties enko instigate kar rahi hain.....?",1514543589379870720
184,@news24tvchannel Jaloos nikaal rahe hain apna,1514537179195789317
185,@govindtimes Ye sab to haseena ko Ramnavmi ke jaloos par pattharbaaji karne se pehle sochna chahiye tha,1514494093816365061
186,@MaryamNSharif Is ko apne hal par chor do..chahe jalse karay jaloos karay...aap ke saat ye jujti nahi...ye un jauson k kaam hay,1514486960831803392
187,@RajakhanMNA110 Arab mein ye jaloos ger kanoni hai us ke bawajood b yahan k log imran khan ki waja se hamy spot kar rhe hain loty ki ulad,1514485964227629057
188,"@sakshijoshii @CNNnews18 Don't try to be next @BDUTT jinhe tum kapado se pehchan rahi ho wo bhi hume humare jaloos se, hath me kaleva se pehchan lete hai aur Phir pathar phekte hai.. Pure desh me ram navami pe kya hua uske bare me bhi kuch bol lo mohtarma",1514485053669396483
189,"@WasiuddinSiddi1 RamNavmi jaloos Par Paththar Kyon Fenka. Talwar Desi Katte Kyon Laharaye, Hinduon ko Aakhari Ladaayi Ki Dhamki DJ Bajakar Kyon Diya. Tum log kya Saddam Osama Bagdaadi Ho. Tum log Jahil Converted Hindu 3rd Class Muss ho Joote Khaane layak only. Abb Victim Card Khel lay",1514470973491200000
190,"Mai jaloos bnde trend dekhe,
Chngeya de maade end dekhe...
Sche bnde da hun time ni,
Jhute sab de 'best-friend' dekhe...",1514462082569469953
191,@MaryamNSharif Tumhaary PMLN k Jaloos Se Boht Zyada Hee Log thy waha,1514456662144389126
192,"@GFarooqi Aap jesi aurtain hoti jo jaan k jaloos ma ghusti hain phr jb log aurat honay ki wja se kuch nae kehtay to kehti hain hun o jaloos nae reh ga .. pehle te unglan chappay leer o leer kr denday c ... Gfarooqi G stands for G
A
S
H
T
I",1514445043603587075
193,@ImranRiazKhan PUBLIC Social media coverage of PTI Jaloos is outstanding.,1514437253212536832
194,@mssirsa @AAPPunjab @BhagwantMann @ArvindKejriwal @akalchannel Bill Navi purchase de pa dite hobe. Hadd hi muka chaddi ihna ne. Nira jaloos kadva rahe Punjab da sare desh vich,1514432214523531265
195,"@TariqIrshadCh lcd ka arrang krwaiya madina chowk main
Or is bar padal jaloos nikaliya pechli br crowd mange nahi ho paya tha
@TanveerSalman6 kindly zara manage krwaiya.
 #Ø§Ù…Ù¾ÙˆØ±Ù¹Úˆ_Ø­Ú©ÙˆÙ…Øª_Ù†Ø§Ù…Ù†Ø¸ÙˆØ± https://t.co/bL1B0MWREW",1514393901003689991
196,Sardar munde with full grown beard wearing mundra?? Sale straight up jaloos.,1514386761681571840
197,Former prime minister of pakistan is Ø±ÛŒØ§Ø³Øª Ù…Ø¯ÛŒÙ†Û k logo ko jo ap k liye Ø¬Ù„ÙˆØ³ niklny k liye ØªØ±Ø§ÙˆÛŒØ­ k time py roads py nikal jaty hain insy kahye ap phir prime minister ban skty hain jaloos nikalna to #Palestine k logo k liye nikalyn. Is waqt un ka sth deny ki zrort hai #ImranKhan https://t.co/mYytJcMXlh,1514371423854374916
198,"@GFarooqi Thora time phly fake bta rahi thi jalsa ko or keh rhi thi log wapis ja rhy
Waisy itna bara tareekhi jalsa dekh k jaloos tu nikal gya ho ga tumhara?ğŸ˜‚
Tum log bas tanqeed karna chahty ho apni ghalti tasleem nahi krni.",1514367487852400650
199,"Kal Pmln ka unky aik leader k hamrah aik jaloos dekha... Or jitny usme log thy agar kisi gari k nichy kutta a jaye tu zada us rush lg jata ha.
#ARYNews #Ø§Ù…Ù¾ÙˆØ±Ù¹Úˆ_Ú¯ÙˆØ±Ù…Ù†Ù¹_Ù†Ø§Ù…Ù†Ø¸ÙˆØ± #Ø§Ù…Ù¾ÙˆØ±Ù¹Úˆ_Ø­Ú©ÙˆÙ…Ù¹_Ù†Ø§Ù…Ù†Ø¸ÙˆØ± 
@SabirShakir_ARY @ImranRaizKhan @fawadchaudhry @MuradSaeedPTI",1514360385264140299
200,"JUI Ka Purana Peshawar Jaloos laga k kion izzat kerwa rahi Hu apni.
Battmz Bhikaran https://t.co/Yz0f5oEDCg",1514338506100908032
201,"@HeyUnotYou @Straightalkr @AskAnshul In UP there were 1200+ Ramnavmi jaloos this 10th but not a SINGLE incident happened. Rioters, Criminals &amp; Mafias knows the policies of Baba hence, bulldozing is the perfect procedure to control each &amp; every crime. Darna Jaruri hai!! 2/2",1514336715577921538
202,@GFarooqi Jaloos waly log tumhary ghr chaly gye yadhee di,1514335630603747329
203,@kokolorixx @SheetalPronamo @BesuraTaansane pehli ka pta nhi but ye edited hai ye moharram ki h moharram pr song nhi bajta jaloos pr,1514334746977128449
204,"#Ø§Ù…Ù¾ÙˆØ±Ù¹Úˆ_Ø­Ú©ÙˆÙ…Øª_Ù†Ø§Ù…Ù†Ø¸ÙˆØ±   This is not an ordinary situation. 
This is neither a Jalsa or a Jaloos.
This is awareness, this is believe in someone, this is faith in ALLAH and this is simply ENOUGH IS ENOUGH. 
Weldone KPK",1514333446549741576
205,"@SdqJaan @Wonder_Sole It's okay we are used to it #ImranKhan na saway mulk ky halat kharab karny ky logo ko istayal karny Kay, jalsay jaloos karay elwa kiya he kiya",1514329965306822656
206,"RT @ISalehMehmood: Ye Jalsa nahi&lt; Imported Hakoomat ka Jaloos hai jo AWAm nikal rahi hai!!
 #Ø§Ù…Ù¾ÙˆØ±Ù¹Úˆ_Ø­Ú©ÙˆÙ…Øª_Ù†Ø§Ù…Ù†Ø¸ÙˆØ±",1514325735183376393
207,"Ye Jalsa nahi&lt; Imported Hakoomat ka Jaloos hai jo AWAm nikal rahi hai!!
 #Ø§Ù…Ù¾ÙˆØ±Ù¹Úˆ_Ø­Ú©ÙˆÙ…Øª_Ù†Ø§Ù…Ù†Ø¸ÙˆØ±",1514324534815510533
208,"Oh bhae Diesel tera tou jaloos nikal gyağŸ¤£
#Ø§Ù…Ù¾ÙˆØ±Ù¹Úˆ_Ø­Ú©ÙˆÙ…Øª_Ù†Ø§Ù…Ù†Ø¸ÙˆØ± https://t.co/Ny101F2PKG",1514324039120080903
209,@hinaparvezbutt see it its not a jalasi Its a jaloos vo b PMLN #CHOR KA . #Ø§Ù…Ù¾ÙˆØ±Ù¹Úˆ_Ø­Ú©ÙˆÙ…Øª_Ù†Ø§Ù…Ù†Ø¸ÙˆØ± https://t.co/ZcD4DJZrCk,1514310063451684865
210,"Wese jitne jaloos Pakistan mein nikale jaate hain, is mein shareek hone walon ko b proper classes deni chahiyein, ta k police walon se dande khane ki naubat na aye. 
#ptijalsa",1514300105641312259
211,"Hamid Mir Geo tv kaa khota 
Mir Jafar Mir Sadiq kii awlad kou Imran Khan Saheb kaa jaloos daikhar pichwade se thindii thindii hawaien nikal naa shirou hoie henn tv pe bhonk rahaa thaa LIFAA FAA khore",1514294600164585475
212,@BPTWithMalick @MalickViews @pmln_org @PPP_Org @PTIofficial @SajjadBhatti @humnewspakistan Aao tu sahi zara public mein. Jo Chan charhaya hai na ab Jalsay nai tumhara jaloos niklay ga  #Ø§Ù…Ù¾ÙˆØ±Ù¹Úˆ_Ø­Ú©ÙˆÙ…Øª_Ù†Ø§Ù…Ù†Ø¸ÙˆØ±,1514292117987864580
213,"@PKtanwar555 @Rahulshrivstava @sakshijoshii Hola Mohalla par sikh bhi talwarein lehra kar jaloos nikalte hain, teri amma khush ho jati hai khidki pe aake ?",1514289898328846337
214,"@ShahramKTarakai @HanzalaMalik92 ye jalsian aur jaloos, pilao lasian aur jooce. kuch bi karle imran, ab nahi ban sakta kaptan.",1514288077979766784
215,"@PKtanwar555 @Rahulshrivstava @sakshijoshii Messi ki najayaz aulad, ye video sudarshan ka fake audio ke sath aaya tha, usne bhi delete kar diya tha. Moharrm ka jaloos mein musalman gane nahi bajata ğŸ˜‚ğŸ˜‚",1514287713645916162
216,"@geonews_urdu Mulk mai itna barra jaloos ho raha hai and u using this story clickbaiting using katrina,Shame #Ø§Ù…Ù¾ÙˆØ±Ù¹Úˆ_Ø­ÙˆÚ©ÙˆÙ…Øª_Ù†Ø§Ù…Ù†Ø¸ÙˆØ±",1514286259551809536
217,https://t.co/augNXcc119,1514259729006088199
218,"@iffatbibigul iss dafa laanti ko jaloos ki picture mein PTI ka jhanda na dikhne ki takleef nahee hogi, dekh aankhein pharr pharr kar dekh har jagga PTI jhande hee jhande hein.",1514257526673616896
219,@ManzoorPashteen Aur jiske naam pe chaande aur jalse jaloos kiye uske bare me poocha ke nhi.ab pooch bhi nhi sakte qnke apko pta hai k o kiska bahadar bacha hai.,1514253629716320262
220,@ImranRiazKhan Hahahaha azeem ul shan jaloos,1514248139309518852
221,@NaumanA50968796 @amitagrwalhere @SushantBSinha Ye talwar le k masjid k samne kyu nahi ja sakte...tumhare Muharram ka jaloos to har mandir k samne se nikalta usme kya kya pe k jate ho..ek bhagwa masjid pe laga diya to itna baukhla gaye... Hamare mandiro pe to tum logo ne masjid bana diye.... Katai dogle ho sharam v n ati,1514241931886309376
222,"@ppbajpai @YouTube Huthmallu ek hi din 6 alagh jagaha pay jaloos pur patharav ho raha hai yeh sub planned hai, 
pathar ka intejaam pehlay hi kur rakkha tha, 
Mai ous Camara ko pranaam kur ta hun jis nay tujhay sare aam nanga kur diya ğŸ¤«ğŸ¤«ğŸ¤¨ğŸ¤¨ğŸ¤",1514239869899337730
223,@haroon_natamam Jee sub se bara jaloos markazi imam bargha eid gaah se bramad huaa ğŸ¤£ğŸ˜‚,1514238973320876033
224,@warwounded__ We are too much jaloos right now! This mesmerising beauty!,1514238464400965632
225,"@ImranKhanPTI, @Asad_Umar @fawadchaudhry 
My suggestion to IK is not to make public tired of Jaloos in each city rather after Eid give strong call of removing this govt and ask for election, you should block whole country until they announce Elections. May it be 30 days, v r w u.",1514237897653862410
226,@mouarikh @AatikaLUMS @SyedaZ_ @iqrarulhassan ham khamosh rahay hain?? ham pathan hain. tum jalsa jaloos khailtay ho. our ham banday ko hee ghaib kardaity hain.,1514229263704207371
227,First Muslim extremist groups attack Hindus religious jaloos latter when law takes action Muslim leaders start playing victim card  https://t.co/BOLPWpCykM,1514228917657542659
228,Ooh jaloos Kahi gum hi na jai https://t.co/T2y238WRpA,1514228174976176130
229,@Supreetshine @sachdevamona @NituAga05873349 Supu Aaj Jaloos DayğŸ™ŒğŸ™Œ,1514216103274508291
230,https://t.co/qQguy2kvjh,1514212663496163330
231,"A procession of green flags stops right outside a temple in Uttarakhand, plays speech by Owaisi (not sure if it's @asadowaisi or his brother).

No stones were pelted on them so this jaloos doesn't qualify as provocation... lol",1514202554975981575
232,"ye hai RAM Nami ka jaloos
Koi aik tho ram Ka Naam Le Lo 

Laanat hai laanat hai

Laanatey un khokho ko jisne eh dust paida huve

https://t.co/ytshC0GSA0",1514196779146756105
233,@Subhash_online @AmanChopra_ Katte dikhe gana samajh nahin aayaa... kaaryewahi hoNi chahiye ispar... Baaki maine ek video dekha jismein vishwa hindu parishad ke log jaloos mein talwaarein lehraate jaa rahe hain... Maszid mein utpat bhi kiya... Uspar bhi karywahi ho... Bulldoger chale toh doNo taraf chale,1514195052343754755
234,@ashokgehlot51 jaloos to tumara niklega...ramnavmi ki shobayatra ko jaloos keh rhe ho ...@sambitswaraj @thakurbjpdelhi @AmanChopra_ @amarprasadreddy @SureshChavhanke @SushantBSinha,1514194796348252160
235,@ashokgehlot51 jaloos to tumara niklega...ramnavmi ki shobayatra ko jaloos keh rhe ho ...,1514194410296463360
236,@RubikaLiyaquat Iske barein mein bhee do shabd kahiyega. Kya sarkar/police/court se permission le kar jaloos nikale ja rahe hain Mandir ke samne. Phir bhee kissi ne pathar nahin mare. https://t.co/kfNSZAlINt,1514192523803049985
237,@MamataOfficial @ashokgehlot51 UP mai 800 jagaha ramnavmi ka jaloos nikla ek jagha b pattharbazi nahi hui kya Karan hai Bengal aur Rajasthan mai bhyankar pattharbazi hui aur koi action b nahi Hua.,1514189400866918406
238,"@yelloflash29 Jab idaray apnay under control mein kernay hoon, tuu asa kerna perta ha. App nay Buzdaar ka haal deekh he liya. Koi nahi sunta Punajb mein otherwise. Log zara different haan Punjab kay. By the way, where is Buzdaar, koi protest, koi rally, koi jalsay jaloos ğŸ™‚",1514184286739566596
239,"@AMISHDEVGAN @AmanChopra_ 
Isko lagta hai..verify krna aplog bhool gaye...bataye kiya ye uksane wale ram bhakto ka jaloos nahi...? https://t.co/YvlbClL3PU",1514172862327758859
240,https://t.co/oPmHFiAPbIØ§Ø¯Ø§Ø±ÛŒÛ :Ø³ÙˆØ´Ù„ Ù…ÛŒÚˆÛŒØ§ Ø§ÛŒÚ©Ù¹ÛŒÙˆÛŒØ³Ù¹ Ø¯Ø´Ù…Ù† Ù…Ù…Ø§Ù„Ú© Ú©ÛŒ ÛØ§Ø¦Ø¨Ø±Úˆ ÙˆØ§Ø± Ú©Ø§ Ø­ØµÛ Ø¨Ù†Ù†Û’ Ú©ÛŒ ØºÙ„Ø·ÛŒ Ù†Û Ú©Ø±ÛŒÚº,1514167578477924355
241,"@ImranRiazKhan Is it a ""jaloos"" or a group discussion ? ğŸ˜‚
#Ø§Ù…Ù¾ÙˆØ±Ù¹Úˆ_Ø­Ú©ÙˆÙ…Øª_Ù†Ø§Ù…Ù†Ø¸ÙˆØ±",1514165779050246146
242,"@asadowaisi @anjanaomkashyap owaisi saheb se jra iske bare me bhi puch lijiye, shantipremi logo ka jaloos jis par kisi ne patthar nhi fenke https://t.co/MwOUoNOsZ1",1514161166733529090
243,@ImranRiazKhan Itna brra jaloos ğŸ˜†,1514141672602488835
244,"@ArifRetd us waqt direct Army cheif aur DGISI ka name ly k jaloos kiye ja rhy thy tb chup thy sary

#Ø§Ù…Ù¾ÙˆØ±Ù¹Úˆ_Ú¯ÙˆØ±Ù†Ù…Ù†Ù¹_Ù†Ø§Ù…Ù†Ø·ÙˆØ±",1514139660213227520
245,@rishianu @shashank2909 @BDUTT Ramanavami ka â€˜jaloosâ€™ nahi hota. Pehle bhasha seekho madam,1514139618400034816
246,"@SreenivasanJain Ignorance is strength, multiple videos we posted about a jaloos doing the same woh bhi months back gets no interest from u bcos u are a one sided Hindu hating bigot yourself.. We all know who owns ndtv",1514117059696680960
247,Who attacked first on religious jaloos who has lost tolerance if law is taking its course donâ€™t cry or blame govts playing victim card is not going to help  https://t.co/JpnspABhRx,1514116670528368642
248,@MirJalal18 @TheHarrisSultan Saudia me muharram ka jaloos nikale kabi?,1514113858775904258
249,"@siasatpk Political parties used to freely distribute their items like these in jalsas and jaloos while here of PTI ppl are buying them.
Boom
#Ø§Ù…Ù¾ÙˆØ±Ù¹Úˆ_Ø­Ú©ÙˆÙ…Øª_Ù†Ø§Ù…Ù†Ø¸ÙˆØ± 
#Ø§Ù…Ù¾ÙˆØ±Ù¹Úˆ_Ú¯ÙˆØ±Ù…Ù†Ù¹_Ù†Ø§Ù…Ù†Ø¸ÙˆØ±",1514111298992226307
250,@Divine2061416 @ashoswai i never seen any jaloos shuting there DJ in front of Hindu temple ğŸ™„ğŸ™„ğŸ™„..ye secularism ka kida sirf Hindu vo ko he kyun kaat tha hai ...ğŸ˜ğŸ˜ğŸ˜,1514110154681184258
251,"@ABPNews @awasthis yadi koi vyakti jaloos maen khara ho jaye to isme uske maan,bap,bahin,biwi ya bachon ka kaya kasoor hai aur ye sabhi pe lagoo hota hai,azad desh maen jaloos, pradarshan maen to sabhi jation va dharmon va political log shamil hain to phir kaya ho??????",1514100651738861569
252,"@ShahinaEhsan Masoomana sawal: Hazrat Ali AS kya apkay jaloos kay muhtaaj hai? Wo phir bhi azeem. Wo phir bhi shaheed. #Ø§Ù…Ù¾ÙˆØ±Ù¹Úˆ_Ø­Ú©ÙˆÙ…Øª_Ù†Ø§Ù…Ù†Ø¸ÙˆØ± 
#Ú©Ø±Ø§Ø¦Ù…_Ù…Ù†Ø³Ù¹Ø±_Ù†Ø§Ù…Ù†Ø¸Ùˆ
#Vigo 
#betho_betho_liya_vigo
#parchay_hongay_tu_charchay_hongay",1514096718123606017
253,@ImranRiazKhan Oh my God itna bara jaloos,1514085681286590465
254,"@RanaAyyub @SecBlinken @IlhanMN @POTUS @antonioguterres Just proceeding a Muharram jaloos in front of a mander and intentionally playing islamophobic songs and showing sword, axe....in front of a mosque has a big difference, everyone knows india reality a big spot on the name of secular country ğŸ–",1514084309107453959
255,"RT @Syyeda14: On the day of Shahadat of Mola Ali a.s? 
Shia followers of PTI must attend this jalsa instead of majalis or jaloos that day",1514083558201217025
256,"@RafikMo40412513 @s_shreyatweets Kis ne kis ko gaali di yeh to bhagwaan ya Allah janta hai, tazia ka jaloos itna bada hota hai, aaj tak kisi ne pathar nahi phankey kisi ne gaalia nahi di, or sadak to govt ne banai hai phir ghar kaha se aa gia.",1514073579280764931
257,@IMinakshiJoshi Musalamani ka jaloos hota hai.. Bhagwan ki shobha yatra hoti hai..kaunse hindu ne musalamanon ke jaloos par patthar chalaye.. likhne se pehle à¤¸à¥‹à¤šà¥‡à¤‚ à¤«à¤¿à¤° à¤²à¥€à¤–à¥‡à¤‚ğŸ™,1514060691795169284
258,Microscope needed to see this jaloosğŸ”¬ğŸ§ğŸ¤­ğŸ¤£ğŸ¤£ğŸ˜‚ https://t.co/EpJC3BRGWx,1514039286085177344
259,@ImranRiazKhan @seemiumeedh  itna bara jaloos to meri birthday per b ho sakta hai naw ğŸ¤£ğŸ¤£ğŸ‘,1514032566201995267
260,"RT @HR12716551: @kalxang_ @MajhaState Mere haryana me beragi bhikh bhi mangte hai

Aaj kal haluman ki savere savere
Jaloos leke logo k gharâ€¦",1514014997990371328
261,"@HappySi79054951 This is a jaloos but it is a non-Shi'a rural observation; the swords are in allegiance to Imam Hussain A.S., and it is a Bahujan festival so people from all religions join the procession. The qawwali is being misinterpreted, when it is about fighting Yazid for Imam A.S.",1514005613289766912
262,"@ImranRiazKhan @MaryamNSharif @CMShehbaz @asmashirazi @HamidMirPAK @_Mansoor_Ali @GFarooqi @hinaparvezbutt ufff itna bara jaloos
#Ø§Ù…Ù¾ÙˆØ±Ù¹Úˆ_Ø­Ú©ÙˆÙ…Øª_Ù†Ø§Ù…Ù†Ø¸ÙˆØ±",1513995487514439691
263,@ImranRiazKhan Itna bara Jaloos inka dam ghut k mar jyn gy sb,1513985645609431041
264,"@ImranRiazKhan Bohat hi bars jaloos haiğŸ˜…ğŸ˜… #ImranRiazKhan 
=#ImportedGovtNotAcceptable",1513973900400603139
265,@PTIofficial Plz tell Imran khan donâ€™t delayâ€¦ this is the best time to hit hard. donâ€™t waste time on jalsa or jaloos just give call to ur worker to come out and sit down on roads and donâ€™t getup until they donâ€™t announce the election. Other wise there is No point of giveing resignationsâ€¦,1513973619680030726
266,"@ImranRiazKhan Yeh jaloos dekh kr @ImranKhanPTI  ki kaanpien taang rahi hien.
#Ø§Ù…Ù¾ÙˆØ±Ù¹Úˆ_Ú¯ÙˆØ±Ù†Ù…Ù†Ù¹_Ù†Ø§Ù…Ù†Ø·ÙˆØ±",1513972257680416779
267,@choga_don Many times I saw maharram jaloos.. was that provacative.,1513964232747880449
268,"@NitinRaut_INC Palghar meh nihathe sadhuo ko maar,kiya hasil kiya Karauli Raj. Khargon MP meh hindu jaloos pe pathar fenk kar kya hasil kiya U.P. mein bjp ko vote dene par 1 muslim yuvak ki muslimo ne hatya karke kya hasil kiya, Bengal 1 pariwar ke 9 sadasyo ko jala kar maar diya kya hasil kiya",1513962980442255361
269,"@kalxang_ @MajhaState Mere haryana me beragi bhikh bhi mangte hai

Aaj kal haluman ki savere savere
Jaloos leke logo k ghar jate gaià¥¤

Or fir afeem kha k pade rehte hai ğŸ™„ğŸ™„",1513958930384551937
270,@AliHZaidiPTI Is kam me ap logon ko koi nahi hara sakta jalsay jaloos me ap log expert ho magar system chalana ap logon ki bas ki bat nahi ye b tasleem karlo,1513951316086714369
271,"@Deshbhakt004 @AbhishekIndia99 @CJ_India @FriedrichPieter tum logu ko sach dikhta hi nahi. Woh insaan dik raha hai jo jaloos me sy mandir ke samne baith kar sab ko chala raha hai? Also suar gandagi me rehta hai, dimag me gandagi hoti hai, jaisay tumhare dimag me hai. Nikalo is gandagi ko aur apne maa baap ka naam kharab mat karo.",1513950742591438848
272,@TarekFatah bc jaloos kadva lea pure mulk da ehna ne akhri 1-2 mahineya ton,1513940139310944260
273,@AsYouNotWish Paradoxically character of Aasmani kitaab! Not to forget the violent processions of mohram &amp; jaloos across India. Best time to get UCC .,1513929347266408448
274,"RT @Syyeda14: On the day of Shahadat of Mola Ali a.s? 
Shia followers of PTI must attend this jalsa instead of majalis or jaloos that day",1513925086893731842
275,"RT @Syyeda14: On the day of Shahadat of Mola Ali a.s? 
Shia followers of PTI must attend this jalsa instead of majalis or jaloos that day",1513918138638815242
276,"RT @Syyeda14: On the day of Shahadat of Mola Ali a.s? 
Shia followers of PTI must attend this jalsa instead of majalis or jaloos that day",1513917393357189122
277,"RT @Syyeda14: On the day of Shahadat of Mola Ali a.s? 
Shia followers of PTI must attend this jalsa instead of majalis or jaloos that day",1513916980679561225
278,"PTI walo 
Kam az Kam Ramzan min apny jalssy jaloos na karo 
Laguon ko sakoon se Allah ki Ebadaat karny du",1513915500044161028
279,"@Nainamishr94 Ask about this aspect also. Yesterday late evening we had to wait for quite some time due to a traffic jam caused by a religious procession. Today noon again were delayed for 45 minutes and missed Dr appointment because of another religious 'jaloos'! 
No solution there?",1513908176705392640
280,@MaryamNSharif Nani lahore mein Jo awaam ka jaloos tha us ny btaa diaa hai..aur comments b read kr lein..1 b aap k saath nae ..comments sections ka bhi surveys kr Liaa krein,1513899077796495361
281,@MajorPoonia Ab wahan kisne ramnavmi ka jaloos nikaal diya?,1513897620153937923
282,"@_sayema Dekho New York main koi attack ho gaya...wahan kaun sa jaloos nikla hai?
Dharam check kar lena.",1513892912563642379
283,Matalb mola ali ki sahadat k jaloos ko b apna jalsa dikhany ki koshi ho rahi lanat hai asi siyasat py https://t.co/v5uOiqhEs4,1513879028444315654
284,@Asad_Umar Zabardast... that's the way.. bring jaloos of Lawyers to get Ather M to ground,1513875443165892613
285,"@RahulGandhi Patthar Faikte Log Nahi dikhe honge... Samajh sakte hai... dada, ke dharm ke dharm ke log nahi dikhte. 

Congress ek tweet kiya Rajasthan hinsa per. Aakhir Kyon Ram navmi ke jaloos per hi Patthar bazi ho rahi hai.",1513872751467057162
286,"@Azharud59940968 @Pallavi63547424 @PJkanojia ITNA HI BHAICHARA HAI TO RAMNAVMI KE JALOOS P HAMLE KYON HUYE BAS YE BATA DO,  HUMNE TO AAJTAK HUMLE NI KIYE AB TO YE KIRYA KI PARTIKIRYA CHAL RAHI HAI, JISSE TUMHE BADNAAM KARNE KA BAHANA MIL RAHA HAI, AB PARTIKIRYA DENE Lage to tumhe bhaichara yaad aa raha hai",1513870039690141700
287,"RT @Syyeda14: On the day of Shahadat of Mola Ali a.s? 
Shia followers of PTI must attend this jalsa instead of majalis or jaloos that day",1513868672821080065
288,"Imran should not b agree to chors any suggestion to calm the situation NO keep pressue on julsey jaloos are the answer.
#Ø§Ù…Ù¾ÙˆØ±Ù¹Úˆ_Ø­Ú©ÙˆÙ…Øª_Ù†Ø§Ù…Ù†Ø¸ÙˆØ±",1513855213400047624
289,@rohini_sgh jaha jiska jor chal sake wohi laga deta hai. Rajasthan Mai  jaloos par pathar feke... Jaha par  jhanda laga diya.,1513850051831164934
290,@9584rahulrajput @MediaHarshVT Y samaj nahin aa raha ki J Rajput oun ko kiya ho giya hai. Kuch aur b daikhai main a jo issi tarah k tweet kar rahai hein. Aur tou aur M ka sath b dai rah a hein jino nay Ram Naoumi k jaloos par pather faink a. Lagta hai Mugloun ka khoon hai inki ragoun mein. Akbar ki.......,1513843435576311816
291,"@MashwaniAzhar Change the date, 21 ramzan ko Mola Ali a.s ki shahadat ka din hai or us din jaloos ho ga. #Ø§Ù…Ù¾ÙˆØ±Ù¹Úˆ_Ø­Ú©ÙˆÙ…Øª_Ù†Ø§Ù…Ù†Ø¸ÙˆØ±",1513841424843816960
292,"@asadowaisi sangh nahi poore world me muslim atankwadi sangthan chala rahe hai
Syria Afghanistan France yah sangh or bjp nahi hai muslman atanwadi bana rahe hai hindustan mein hindu mohrram ke jaloos mein pathar nahi fenk rahe lekin muslim hinduo ke jaloos pe pathar fenk rahe hai",1513840683622174721
293,"@auslhr @PTIofficial O lanat twaday musalman hon tay haramdayo. 
Youm a Ali a. Majalis tay jaloos honay har paasay.",1513839711122604032
294,#JaiShreeRam ab waqt nikal gaya bhagwa jhandha liye jai shree ram ke nare lagate hue Jaloos nikalna sur phir pathar khana ab Shanivar ko #HanumanJayanti hai phir Jaloos nikalna par bhagwa rang se range hue un hathiyaro se jiske chalane se pathar bazi karnewale maut ki nind sojaye,1513839389687779328
295,@RubikaLiyaquat bulldozer model is the best Yogi ji won election because of law and order and in U.P. no stone thrown on any jaloos why becoz of fear of action of Yogiji bull dozer this need to be done all over on criminals and illegal properties,1513839336566919169
296,@Rafaqat07019037 @Adoring_Khan @usmansaeedbasra Keha ka jaloos ha ?,1513838545336778752
297,"On the day of Shahadat of Mola Ali a.s? 
Shia followers of PTI must attend this jalsa instead of majalis or jaloos that day https://t.co/LvtQhMC3MX",1513835874051665924
298,RT @SabazAdnan: Khan @ImranKhanPTI apni usi team ky sath #Karachi ain gy Jin ky sath aap assembly mai #PMImranKhan ban kr baithay thay?kachâ€¦,1513832747269345284
299,@InsafPK Jalsa jaloos sy behtr hai. 1 hi bar aar par kr den is imported crime monster ko,1513832309673406474
300,"Is me Mandir ke saamne M jaloos jhagda nibtane ko kehte hain par no Stone Pelting.
Yeh OK hai par Ram Navmi nahin. https://t.co/MxLCL18kqB",1513831496431259649
301,@sayedzbukhari #Bukhari sab @PTIofficial KY Lahore #Jalsy ki #date_change_karo 23 April #Shahadat #ImamAli as ha or Lahore main same #route py #Jaloos hoga #Shia #support karny nahi ayen gy,1513831092280774659
302,@PTIofficial @PTIofficial apny iss #jalsy ki date change karo 23 April #Shahadat #HazratAli as ha Jaloos ki waja sy Roads band Hoon gy or #Shia #support karny b nahi ayen gy #Date_Change_Karo,1513830372538302467
303,@ImranRiazKhan please Mera ye msg @ImranKhanPTI ko dy den 23 April ko Lahore main minar e Pakistan @PTIofficial #Jalsy ki date change Karen us din #HazratAli as ki #Shahadat ka din ha road block Hoon gy jaloos ki waja sy awam nahi aye gi or #Shia #support karny b nahi aye gy,1513829897248157701
304,@PTIofficial @ImranKhanPTI @Shafqat_Mahmood Lahore KY @PTIofficial #Jalsy ki date change Karen 23 April ko #shahadat #ImamAli as ha or Jaloos ki waja sy road band Hoon gy or #route b same ha awam ko aney main mushkilen Hoon gi or #Shia_comunity b support karny nahi aye gi .#Thinkaboutthis,1513828881635151878
305,RT @SabazAdnan: Khan @ImranKhanPTI apni usi team ky sath #Karachi ain gy Jin ky sath aap assembly mai #PMImranKhan ban kr baithay thay?kachâ€¦,1513828601480851457
306,"@ImranKhanPTI you need to change the date of @PTIofficial jalsa in Lahore it cannot be done on 23rd April Minar e Pakistan
Same date Shahadat Imam Ali Jaloos Same Route of Minar e Pakistan you will lose public and Shia Supporters if you did it on 23 April . Think about this",1513826738366824451
307,"Khan @ImranKhanPTI apni usi team ky sath #Karachi ain gy Jin ky sath aap assembly mai #PMImranKhan ban kr baithay thay?kachra aur degar masail tou 3 saal pehlay walay hee hain bas apky jaloos ko miss kr rahay thay, ho tou 
barish ky mousam mai aaey ga
#Pakistan @AajKamranKhan https://t.co/gO8BVu13EV",1513825463449403396
308,"@digvijaya_28 @YouTube When u can give holidays on name of ""passion week"" Friday namaz""  when tazia is allowed to organise, when muhharam is allowed then why not ram navmi jaloos",1513820213220765698
309,https://t.co/oBh7Mz27S8,1513819018716758016
310,"@MAj33dullah Oon kee saath zyati nahe hoe thy 
Wo chor thy choor hai agy laag raha hai choor rahengy 
And imran khan ke sath zyaty hoe hai
Imran koo chaheye kee jalse kareh jaloos kare imran khan kaa haq hai ğŸ’¯ğŸ’¯ğŸ’¯",1513818750725763073
311,à¤•à¥à¤¯à¤¾ à¤†à¤® à¤œà¤¨à¤¤à¤¾ à¤•à¥‹ à¤œà¤¾à¤® à¤®à¥‡ à¤«à¤¸à¤¾ à¤•à¤° à¤…à¤ªà¤¨à¤¾ vijay jaloos nikalna theek hai,1513810680872202244
312,@SohaibAjmal10 @faysalquraishi G is Mubarak maheenay ma hi 1947 ma ye milk Azad hoa tha TB bhi logon ny bht jaloos nikaly thy,1513804650910261250
313,@_stkhan @KiaMaslaHae @_Alphawoman Itna tu Empressive hai. You are just jaloos e Aam,1513801895801929729
314,@munchaos @TheRashamiDesai Not you publicly nikaling jaloos of my parents ğŸ’€,1513800701272633346
315,"@rajnathsingh Ramnavmi ki Shubhkamnaye, par ramnavmi ke jaloos jo ho raha hai uska ilaz hona chahaye, Aur ye ilaz aisa hona chahaye jisese koi bhi again aisa ki soche bhi nahi",1513797253021921281
316,RT @NTROCKING: Abey Bhikhari khan Use Jalsa Nahi Jaloos khete hai JoTu apna Jaloos Nikalvega Katora Khan ğŸ˜†ğŸ˜…ğŸ˜‚ğŸ¤£ğŸ˜‰,1513796949413011456
317,Abey Bhikhari khan Use Jalsa Nahi Jaloos khete hai JoTu apna Jaloos Nikalvega Katora Khan ğŸ˜†ğŸ˜…ğŸ˜‚ğŸ¤£ğŸ˜‰ https://t.co/DGWQo3yvLD,1513796926818295809
318,@ImranKhanPTI Abey Bhikhari khan Use Jalsa Nahi Jaloos Tu apna Jaloos Nikalvega Katora Khan ğŸ˜†ğŸ˜…ğŸ˜‚ğŸ¤£ğŸ˜‰,1513796764033183745
319,"@docmemoona @ICT_Police My goodness. 
My view always has been dt traffic should never never be hindered. Jalsa/Jaloos should b held in stadia built for this specific purpose. Even religious jaloos like Shia/Sunni shud be in the city stadium only...and without TV coverage.
  Ø´ÛØ±ÛŒÙˆÚº Ú©ÛŒ Ø²Ù†Ø¯Ú¯ÛŒ Ø¹Ø°Ø§Ø¨ Ø¨Ù†Ø§Ø¦ÛŒ ÛÛ’",1513795748034453508
320,"@sakshijoshii Madam ilaaka kutton ka hota hai.voh mohrarram ka jaloos ilaaka dekh ke nahi nikaalte, kerla me bhi rss ki Chain me bandh ke mock parade nikaaki jaati uspe kya kahengi?,west bangal me kya kya hota uspe kya kahengi?,tab kyon jubaan pe taale lag jaate tum sold pattalkaaron ke ?",1513789994162221059
321,"RT @HappySi79054951: You idiot

This is neither ""Muharram"" nor are these necessarily Muslims

Muharram is literally beginning of Islamic Neâ€¦",1513788369897070601
322,Ø§Ø¯Ø§Ø±ÛŒÛ: Ø³ÛŒØ§Ø³ÛŒ Ù…Ø­Ø§Ø° Ø¢Ø±Ø§Ø¦ÛŒ Ù…ÛŒÚº Ø´Ø¯Øª Ú©Ø³ÛŒ ØµÙˆØ± Øª Ù‚ÙˆÙ… Ùˆ Ù…Ù„Ú© Ú©Û’ Ù…ÙØ§Ø¯ Ù…ÛŒÚº Ù†ÛÛŒÚº  https://t.co/WvWdsU46Wh via @bloggerever,1513788015130431490
323,@rakzzsays786 @najamsethi bhai ye TRAFFIC BLOCK hay.. jaloos nahi,1513781133422600194
324,"@ImranKhanPTI Sahb koi kisi jalsay JaLoos me Current Govt. Ko Samjhao thread karo k
Pti k kisi Worker ko
Kisi Social Media Activists ko koi Hath nai Lagaye kuch Workers ki Safety k liye b koi iqdemaat karo
Worker Uthaye ja Rahe hain https://t.co/O3oEHbpkK7",1513781012152696834
325,"@faysalquraishi Ap prhe likhe hain kya??
Kaha gaya Ramadan ka ehtaram?
Kya Is Mubarak Mahine mein ye fazool jalse jaloos nikalna achi bat hai?
Kya kehte hain?",1513780530336083968
326,RT @51_rocks: @sakshijoshii To chali jao Supreme Court apne jhooth le ke.tum log saawan kw andhe ho ji ko har waqt hara hi nazar aata hai.iâ€¦,1513776653495074824
327,"@AmanChopra_ B&amp;D Kabhi Muslims Ne Jaloos Nikala hai 
ya Kabhi Bheedh jmaa krke Hindu Mohalle me gaye hu",1513771689271709696
328,"You idiot

This is neither ""Muharram"" nor are these necessarily Muslims

Muharram is literally beginning of Islamic New Year. For Shia Muslims, 10th day of Muharram (Ashura) is day of mourning of martyrdom of Imam Hussain.This is not ""Muharram"" Jaloos either but some random video https://t.co/4TRPx8uY2j",1513770539281633280
329,"@sakshijoshii To chali jao Supreme Court apne jhooth le ke.tum log saawan kw andhe ho ji ko har waqt hara hi nazar aata hai.itna gir chuke ho ki unki har galat baat bhi sahi lagti hai aur koi ram navmi ka jaloos bhi nahi nikaal sakta ab is desh me.ilaaka kya hota hai,ilaake tum ne hi banaye",1513769029378273286
330,@bhartendumishr Aap to aise batawat ahen jaise ram navmi per jaloos nikaalne wale kiye sab kuch unki hi galti rahi nikalya ke nay raha,1513759795286740993
331,@mhmd94522241 @publicopinion77 Ap sirf jaloos nikal sakte Hain.......duniya ke aewanon mein ja kar ankhon mein ankhein daal kar Nabi( PBUH) ki namoos ki sirf Imran BAAT kr sakta hai.....,1513759143366168576
332,"@MohsinBaigMedia Baig Sb, PTI kay jalsay jaloos kay baad halat theek rahain gay kya or nyi akoomat behtri laa sakti hai Kya",1513756587717971969
333,"@darab_farooqui Kya pathar jo chato par ilkhata kiye rakhte ho wo mahaj ek sanyog h, or sab jagah ek sa hi scenario, kya kbhi suna h moharram k jaloos par kisi ne hamla kiya, kya kbhi suna h hindu mohalle m muslimo par pathrao, hmesha Saraswati Pooja, Durga Puja , ram navami ko hi nishana kyu",1513749695067463683
334,@shashank2909 @BDUTT Why jhaloos? Situation are so volatile that police shld have anticipated this! Why were permission given? Why ramnavmi jaloos from muslim area? They put the hindu bhagva flag atop a mosque. These are attempts to spread hatred.the govt supports this,1513742404511096834
335,@gyanjarahatke @ChouhanShivraj The meek supporters of modi did nothing to get this treatment. They just took out the ramnavmi jaloos from muslim area!ğŸ˜‚if the muslims had taken out a jaloos from hindu area these modi peace loving bhakts would not have lifted a finger!,1513741757199970304
336,@sakshijoshii And when a Hindu carry out pooja and Jaloos over loudspeakers you call them goons . Havenâ€™t you ever heard Namaaz over loudspeakers 5 times a day and Jaloos in Muharram. They demolish everything that comes in their way. Mocking Over law and order,1513738764606083074
337,Smriti irani k jaise netaoan aur netriyoan k gale main lpg cylinders ki mala pehnakar inka jaloos nikala jaye. https://t.co/uiRVPPmABq,1513735937267695623
338,@iqrarulhassan I really hope #ImranKhan take out time from jalsay jaloos to remove all culprits and mirjaffars and find the right team. Buzdar was a bad decision,1513726998098628611
339,@RehamKhan1 Bibi I was near liberty jaloos. I saw a large number of people myself. Kya bat krti ho. Andha zarur ho lekn itna nhe k white ko black aur black ko white kehne lag jao. #idiotsleague,1513726972245192712
340,@Pawankhera @INCIndia @PMOIndia @HMOIndia Pavan sir weâ€™ll said but country is drifting need enrolment of young for dharmik sadbhavna . I never heared of Ramnavmi jaloos at this scale . Our Pms silence is very disturbing . @PMOIndia @ppbajpai @ravishndtv,1513722977921032200
341,@khanumarfa @RanaAyyub @ReallySwara @UNGeneva @_sayema violent jaloos isse khate hai. weapons in hand. Crossing Mandir.hear the lyrics too. But there was no stone pelting on it. Victim card always. Whenever Muslim do crime it was due to provocation. Remember No kp lift weapons. https://t.co/hHAtrJnXWe,1513718521225654280
342,Tumne Ram navmi ke jaloos me patthar to koye comments nahi Kiya. Kya Muslim countries se tumko money milta hai? https://t.co/PUFVAiCcjv,1513716923313561600
343,@ImranKhanPTI Bs ap ki qismat ma ab jalsa jaloos nach gana likha ha,1513716583650185225
344,"@ImranKhanPTI Ab ap pura saal jalsy jaloos hi krna.
But is bar apny paiso se Q k Tareen sb ni ha ab......... ğŸ˜›",1513714929395802119
345,"RT @TruthCerum: @qasid4you @s_shreyatweets Tajia kaun nikalta hai? Jaloos kaun nikalta hai? 
Every Friday road kaun block karta hai?? 

Aajâ€¦",1513712834462752771
346,RT @AndromedAlamak: @FarOutAkhtar Abhi tera honeymoon period hai - aish kar! Chutiaap ke liye tere abba hai na. Tension na le! Free time meâ€¦,1513706080559263748
347,@martinv17 @ARanganathan72 Shobha Yatra hindustan mein ke ilako mein nikli...moharam pe ye jaloos niklate hai kaunse stone pelting hoti?,1513693109028200457
348,@DevDKrishna2 @SohrabK68287093 @PrashantTandy Is desh mein Manuwad khatam hoga tabhi shanti aayegi â€¦ Jaloos mein tumhare Bjp/ Bajrang Dal walee khud par Pathar phenkne aur Phir Shor wah â€¦ @Refugees @SCofIndia will u take a suomotocognizance or since it relates 2 Muslims it does not matter2 U. @nytimes genocide in pipeline,1513692983006314501
349,@FarOutAkhtar Abhi tera honeymoon period hai - aish kar! Chutiaap ke liye tere abba hai na. Tension na le! Free time mein GK ki kitabein parh. GK teri bahut weak hai. Warna phir kisi jaloos mein TV reporter ko sabit karega ki tu chu.... hai!,1513691129690030080
350,@milligazette @OfficeofSSC Islamist must understand that provoking the community has serious consequences...If have issues with sloganeering in  jaloos they should have filed police cases instead showing their muscle power on streets ....Now in reaction other side will do the same...,1513680759457935361
351,Mujy us din par fakhar hy jub ap PTI KPK ki president ship jeety thy or ham apko 1 bary jaloos k 7 sawabi ly gye thy . Love you @AsadQaiserPTI https://t.co/hKzAQ28p3L,1513675987963236352
352,"IMAM Hussain (A.s)  Ko kehte Hain Hum mante Hain â¤ï¸Agr Mataam Se Maslah Tu Tum matam nhi kro Liken IMAM Hussain (A.s)  Ka Name Ka kbi jaloos nikalo Tu Shi ğŸ’¥
#Muharram",1513665486634029058
353,"Dekho bhai ihtejaj aur jalse jaloos apni jagah magr fauj aur iss mulk ko galiyaan nahi deni chahiye. 

Ye pir ajeeb baat hoti hai. 
#Ø§Ù…Ù¾ÙˆØ±Ù¹Úˆ_Ú¯ÙˆØ±Ù…Ù†Ù¹_Ù†Ø§Ù…Ù†Ø¸ÙˆØ±",1513657584472973312
354,RT @ChilliMeethi: @GFarooqi Tumhara jaloos nikalny ki tyariyan Kr Raha hei....fikar na kro jitna Dunia mei zaleel o ruswa ho k wazaratein Lâ€¦,1513656678910201857
355,"@GFarooqi Tumhara jaloos nikalny ki tyariyan Kr Raha hei....fikar na kro jitna Dunia mei zaleel o ruswa ho k wazaratein Lin hen taarikh mei likhay jao Gy Ghadaar or Bhikari Ø§Ù†Ø´Ø§Ø¡Ø§Ù„Ù„Û or hum apni nasloon ko btaein Gy.
#Ø§Ù…Ù¾ÙˆØ±Ù¹Úˆ_Ø­Ú©ÙˆÙ…Øª_Ù†Ø§Ù…Ù†Ø¸ÙˆØ±",1513656365226643467
356,@LSG__94 You're a jaloos. Always hating,1513631840309071877
357,"@qasid4you @s_shreyatweets Tajia kaun nikalta hai? Jaloos kaun nikalta hai? 
Every Friday road kaun block karta hai?? 

Aaj yaad araha hai kyu ki tumko tumhari bhasha me jawab mil raha hai? 
Better to learn how to live in a civilised society",1513629568514818050
358,@khukoo1 @jangikaur47 Preets are jaloos. No justice is justice,1513629023070523396
359,@salmanhassan77 just heard you comparing PTIs jaloos yesterday with Altaf Hussainâ€™s .Bhai kuch toa khuda ka karainâ€¦kya Altaf Hussain kae Jaloos puray Pakistan main nikalte thae? Sab ko pata hai ke loug un jalsao main kyun atae thaeâ€¦,1513628621918949380
360,@SaleemKhanSafi Harmi kl wala jaloos dakha,1513622408544010246
361,@SaleemKhanSafi Harmi kl wala jaloos daka na,1513622328445480975
362,@ImranKhanPTI Khan saab app containers or jalsay jaloos krtay huway hi achah lagtay hn.Hakomat apkay bas ki baat nah hai.,1513618104970059784
363,"@Gammu_garry @ankurbagai @swati_gs Shuru tm karogey bosdiwalo, ab musalman jawab bhi na dey... Jaloos mei naare Musalman k khilaaf angrez lga rhey they kya??? Wo #HindutvaTerrorists they jinhone pichle 3&amp;4 din mei desh ka mahaul khrab kiya",1513616880766189569
364,"Desh me hazaro jaloos BJP NE PRAYOJIT KIYE,JINKA MAQSAD HI MUSLIMO KE MUHALLON ME JAKER OR MASJIDO KE AAGE RUK KER GADE GANE OR NARE LAGANA,DANGA KERNA,YE SAB POLICE PRORTECTION ME KARAYA GYA

OR QU?? TO WO MENHGAYI KI TARAF SE DHAYAN HTANA,OR BHED BHAV KO 24 K LIYE ZINDA RAKNAğŸ˜¡",1513615745673924609
365,"@Quratulainb Thats the reason for crowd in PTI Jaloos, kuch aur milay na lakin tum jaisiya mil jati hain jo ati hi iss liya hain ğŸ˜œ",1513615738619191296
366,@iihtishamm @SaniaaAshiq bhai yeh acha hai jaloos ki waja say jo traffic jam ho woh bi banda jaloos mein count kar sakta hai :),1513614930934738945
367,"PMLN ka jaloos 11-4-2022 11pm in wah basti chowk. Not more then 50 people LOL
 @Jehad_Zafar 
#Ø§Ù…Ù¾ÙˆØ±Ù¹Úˆ_Ú¯ÙˆØ±Ù…Ù†Ù¹_Ù†Ø§Ù…Ù†Ø¸ÙˆØ± https://t.co/wa1wibGFrN",1513582834698493954
368,"@ImranKhanPTI Khan sb thora rest kr ly plz.... Rozo k bad dekhty hain kia krna hai. Pakistani awaam to is me pisti rahy gi,pehly PDM k jalsa jaloos khatm hoa aur ab ap start kr ry. Karaabori log to preshan hojaye gy",1513573945320091649
369,@sakshijoshii Mahamoorkhanand ji aisa kaha hai ki koi musalman temple ke bahar kuch bech nahi sakta..Jaha tak baat naro aur gano ki hai to aap jaisi moorkh logon ke gharon ke bahar se bhi muharram ke jaloos nikalte hain aur koi mana bhi nahi karta hai..lekin un par aag or pathar nahi chalte..,1513573592025292807
370,@FaisalJavedKhan Apki Qismat mein jalsay jaloos he likhay hy ğŸ˜‚ğŸ˜‚ğŸ˜‚,1513572986376314883
371,"@thakurbaba @Shadab65272858 @vinodkapri @narendramodi Shame on ppl like u..yeh ja Ram Navami ka jaloos kya tere baap se ghar pe nikala tha??
Tum logon ka zameer mar chuka hai..",1513571977344483330
372,"@ashkarmarkar Yeh hinduon ka jaloos nahi hai, 
dangayion ka hai....",1513565029886402562
373,@_sayema Kabhi Suna hai Moharram ke Jaloos pe Stone pelting hui hai? Arre jisko Khuda manti ho Kam se kam osse daro itna Jhooth bol ke Jahannum mein bhi jagah nahin milegi.,1513558370443313170
374,"@godimodia @AskAnshul Jb moharram p jaloos nikalta h tb kitni baar pathrao hua h uspe, kya usme bhadkau naare nhi lagte, or doosra bc ye pathar kahan se aa jaate h tumhari chhato p kon rakhta h apni chato p pathar , kya ye koi planning ka hissa h?",1513558365128953856
375,Muharram pe jaloos niklna to government ne bandh krva diya hai na lakin ram navami pe to government ko koi problem nhi wah,1513557220310454272
376,"@parth_agrwal0 @SatyaDharm17 @harshasherni @khanumarfa Or jo jaloos per pather mare ga vo constitutional hai, hinduo ke mandir me hasli le ker ghusega kya vo bhi constitutinal hai.",1513551927040167947
377,RT @BhatiaHarish2: #nayahindustan ab siraf nare se Jaloos se kuch na hoga jo kuch karna hoga hinduo ko apne hath se karna hoga 1947 k partiâ€¦,1513550305383702528
378,"@AmanChopra_ 
Koi mandir k samne tarbuza nahi bech sakta..lekin...masjid k samne...is trah jaloos rok k...bhadkana ye ho sakta ...
Bhadkao Aman chopra... https://t.co/WouqI4sMxI",1513548986212556801
379,@Rafi_AAA Galt. kal k jaloos apki baat ki nafi kertay hain,1513548383226576901
380,@TheVeenaSwami You Communal Sanghiâ€™s are jaloos of him ğŸ˜ğŸ˜ğŸ¤¨ğŸ˜,1513545664705499136
381,@jsaideepak Khan marji se jaloos le jayein apna desh hai ... Koi Pakistan nai,1513541968592138242
382,@sanatanadharma1 You ABâ€™s and GBâ€™s are jaloos ppl,1513540032065581057
383,@SriRamya21 You Communal sanghiâ€™s are jaloos ğŸ˜ğŸ˜,1513539717073346560
384,@khanumarfa Ab kanoon yaad aa raha hai..aisa kon sa freedom of e xpression tha ki ram navmi ke jaloos par sab jagah pathar fake gaye..jawab jaroor dena..muh me kheera dabakar mat baithna,1513537449729081346
385,"@Parasjahanzaib1 @ImranKhanPTI Hahahahaha. Dharnay ,jaloos is sai ziada achay aur jaldi JUIF JAMAICT  e Islami kar sakti hai
Laikin woh government nahe bana sakti.",1513535727690301441
386,@FaisalJavedKhan Boss Abhi swabi k jaloos b dek lengai inshallah,1513534371499855876
387,"RT @FreedomIsMising: pakistaniyo ko kal raat ki tara roz jalse jaloos ki ralliyan nikalni chaiye ek din jaloos krne se kuch nhi hoga, roz jâ€¦",1513533862688681984
388,"pakistaniyo ko kal raat ki tara roz jalse jaloos ki ralliyan nikalni chaiye ek din jaloos krne se kuch nhi hoga, roz jaloos nikalo imported govt ke khilaf tabhi kuch impact padega aur early elections ke chances badegey #Ø§Ù…Ù¾ÙˆØ±Ù¹Úˆ_Ø­Ú©ÙˆÙ…Øª_Ù†Ø§Ù…Ù†Ø¸ÙˆØ±",1513533236622008326
389,"@azharfru1 @Pseudoseculard1 @CANadimArif @PiyushShimpi1 @ReallySwara Abe kal MP me ram navmi ke jaloos me patthar baji karne valo ka haal dekh le,unka ghar tak mitti me mila diya hai govt ne dangaiyon ke,aur abhi to jail bhi jana hai.",1513533039116439552
390,@SupriyaShrinate Wah ri muslmamo or atankwadio ke samarthak tabhi tum 2 seat pe ho. Hindu ke jaloos pe pathar mare jate hai lekin mahurram jaloos pe koi hindu pathar nahi marta sharm karo congressio apna hashra dekho,1513532405407121409
391,"@NoorulHudaShah I left a high profile job because i was asked to cooperate to run anti Imran campaign. Iss jaloos ka pait se nahi dimagh se taaluq hai, izzat e nafs aur khuddari se taaluq hai Ma'am",1513527809234374657
392,"@PTIofficial Jitne log khan sab ke jaloos main sadak par nikle 
Khan sab ko agla election jitne ke liye kafi hai.",1513524316595683328
393,"@HinaAltaf78 Tum mandir me hasia ley ker ghuso, ram navami ke jaloos per pather fenko, bhagwaan dekhta hai saza to ek din milagi hi.",1513511384092348423
394,Hindu samaj par sabsey bada dhaba to aap jaisey log hai. Yeh himmat to bolney ki nahi hai ki ramnavmi key jaloos par pathar phekna galat hai.@digvijaya_28 https://t.co/tKOqRJURY1,1513510598008782849
395,@Shaad_Bajpe So..you guys take up any public place to offer namaz!!humlogo ne kabhi kuch kaha??and you cant even tolerate our RamNavami Jaloos..so much hatred..You all are venomous vermins..stop this hatred towards https://t.co/hl6EggvKN0 and let live..,1513498066875138051
396,"#nayahindustan ab siraf nare se Jaloos se kuch na hoga jo kuch karna hoga hinduo ko apne hath se karna hoga 1947 k partition ki galti ab nhi sudhar sakti par dusri jo galti hamare leaders ne ki usko sudhar sakte h
Hindustan hindu ka pakistan musalman ka final adla badli ho jaye",1513497239297019905
397,Don't miss him too much brace yourselves for jaloos and dharnas by this time angry supporters. https://t.co/cOScqX2DX9,1513489260066013188
398,@thegooddoctor_0 Cha da kanu jalus kaddea ??,1515563143711232000
399,"@missufe Jalus pickaw aja rombongannya. 
Realistis ğŸ¤­",1515540593929162757
400,@naveenjindalbjp Hinduon ka bahut bura waqt Ane wala ha sab planning se ho rha ha Hindu bs jalus niklta rh jyega,1515535273286770692
401,@YadavSudhirkr @UtkarshSingh_ Matlab tum jhund me jalus ke bahane marne aao or hum maar kha jaye. Yahi na,1515479528977666050
402,@GFarooqi Agencies ka time itna faltu ha k tujy report pash kry ..tmhra kam ha shobaz shrif ko kush rakhna..akk ache rekhal ko pta hona chaya k lasy kush rakha jata ha ..tm en chezu ka socha jalsy jalus ka tm sy kya Lana,1515466836741013506
403,@actormanojjoshi Sanghi in dharmik jalus. https://t.co/zOoFSdAszq,1515394806477950979
404,@Anurag_Office sir ji police bjp ki he. jalus nikale ga to police ki jimvari he. kendra ki jimvari hi. suspend kijye dgp ko. aap soch ke boliye kejriwal ji ka output delhi me 67 seat bjp 3 seat. pilunjab me bjp 3 aap 93.,1515380197729906689
405,RT @Chaturvedi3Avi: @Furkanjmm @AlphaW01 Besharmi ki misal hai aap mahoday kitne nirljya ho dnga tm krvao pattar tm feko ab ande do muharraâ€¦,1515378242869362688
406,@Furkanjmm @AlphaW01 Besharmi ki misal hai aap mahoday kitne nirljya ho dnga tm krvao pattar tm feko ab ande do muharram ham bhi dekhte gai kese jalus nikalte hai tm log,1515369291620634628
407,@KapilMishra_IND Ramnavami ke jalus per jis tarah se chuslimo ne attanki harkat ki usko dekhte hue sab state me polic alert mode me https://t.co/WFdVkXKmun ye dilli polic so rahi thi Dilli polic 3 bar fail hui ye 4 bar fail ho gai #shameonDillipolice,1515356237613137920
408,@news24tvchannel @shoaibJamei @manakgupta Muslims bahul area mein Hindu ke Jalus jalsa nahin nikalne doge. Isliye desh ko dharam pe bantwara karake Bharat desh mein rahne diya Gaya tha kya.,1515352537523662855
409,@news24tvchannel @Aloksharmaaicc @manakgupta Dharam ke name pe Hindu aur Muslims ka Bantwara karke Pakistan &amp; Bharat Bana tab kyon Muslims ko Bharat desh mein in Congress ke logon ne Ronka kya issi din ko dekhne ke liye kya Muslims bahul ilake mein Hindu ka Jalus nahin nikalne denge.,1515349272790659072
410,"@sanket
Muslim bahul area mein Hindu logon ka Jalus nahin niklega kya is desh mein aisa prateet ho Raha Ram Navmi ke incident and Hanuman Jayanti. https://t.co/PdmlvbunsH",1515346639656955906
411,"@KashifA47358502 @soldierspeaks Hamat hy To Jalus Nekalo America ap logon se Naraz ho jaye ga Or PDM ko b Awaz do or  America,Israel ke Ent se Ent baja do ap log to Apny Ghar me Sher hy jo Apny log marwaty hy
Muhammad(S,W) pe Jaan b Qurban",1515342067203031049
412,"RT @Fiercelibran: J- bottle kholo ğŸ¥³ Yay ğŸ’ƒ all excited 
K- making face expression ğŸ¤§ khul jah
J- mere kapdo pe na gir jye ğŸ˜± 
K- arey bottle ğŸ˜–â€¦",1515312834451996684
413,"@ThePakDaily He be moving his hurt arm so freely, I am jalus for once.",1515310532206768129
414,"J- bottle kholo ğŸ¥³ Yay ğŸ’ƒ all excited 
K- making face expression ğŸ¤§ khul jah
J- mere kapdo pe na gir jye ğŸ˜± 
K- arey bottle ğŸ˜– jalus q nikal ri h mera khul jah ğŸ¤¨
K - khul gyi ğŸ˜®â€ğŸ’¨ 
J - sukoon while drinking ğŸ¾ ğŸ¤£

â¤ï¸ uh ğŸ¤™ğŸ»

@kkundrra @jessicakhurana7 

#TejRan #KaranKundrra https://t.co/Fut0HYW3Zc",1515308227583434756
415,@SaeraHashmi Donâ€™t jalus,1515291635252449283
416,"Makasi banget, thread yang sangat berguna buat ronans jalus bbs ğŸ¥²âœ¨ https://t.co/D6wUuMNAnf",1515287209301053446
417,"@AbidSherAli Ab Tumara jesa beggar be ghr k bahir jalus ki call da ga hai 
Jo dusro ki aurat ki ezat ni karta fir us k apne aurat ki be ezat ni rati mind it",1515275350762262531
418,@__noor_tweets Yar Asy Post na kiya kary Mai Jalus Hta hun,1515268248635387905
419,Dekho Kutiya jo makan free government diya uske upar se patthar jalus ko maar Rahi thi https://t.co/qA9OGTCcz2,1515211032821899265
420,@axelldavid_ lah nanti tikusnya lewat jalus apa,1515142249927294976
421,@Priyu302 @PriyaSannesi @itsmetejasswi @anihanuchaudhry @kiya_1210 @norubbishplease @IamTeamKKundrra @IShobhitGoyal @_dark_crusadeer @IAmNeutral7 @Priya0223 @omsingh111 @aamaaannnn @Cybercellindia koi baat nahi mujhe ve 2 din shuti hai kaam se inka aur jalus nikalungakisi aur nayevideo ke saath tab tak ke liye mujhe dao ijajat apka host and dost jaani ğŸ¤˜ğŸ¤˜,1515084336684544010
422,"@Rizwans02013795 @Mathura34032743 @apnarajeevnigam Aaisa kya sikhata hai majhab aapka ki jo dusare ke dharmik jalus say itna gussa karna sikha deta hai ki hafto pehle mandir par faikne ke liye petrol bomb &amp; chhato par hazaro kilo pathar ready ho jatey hai , aurato aur bacho par pathar faikna ki seekh kon sa majhab de sakta hai ??",1515042179978194945
423,@Gaganseupar @HarteerathSingh Gagan which jalus and what do you mean ?,1515038258635304963
424,@RJDforIndia Ka ho chacha premi party. Dikkat ho gya bada tm logo ko jalus Nikle Ramnavmi me to. Tm log koyi kaam k nhi ho barbad party Bihar ko barbad kar k baitho ho saram karo. Ghotale kar kar k sab loot hi liye. Bhule nhi hai abhi hum kitni aatanki kaate ho tm log.,1515030772830273537
425,@ahana__66 Jlus balo ka jalus nikalana chiye,1515016998983331841
426,@RehamKhan1 Q jalus ho Rhee ho ap,1514971299709390848
427,@istgpriyanshi I'm jalus,1514935284252565504
428,@shibbu87 @ANI agli bar puri tayyari se nikalo jalus.,1514906386689261575
429,@call_me_gujjarr Jalus People ğŸ¤£ğŸ¤£,1514900141181968386
430,"We Whishees of Pakistan, as I contribute my bit through my tweets issued in Nationak Intrest' cousel restraint, ', burry the hatchet'IK too is well advised Nit to bounce back as ' 'Wounded Lion', stop country wide  ,'Jalsa Jalus', Newly inducted MSS Govt  shud present Budget Ctd",1514843091223592971
431,@idineshdesai Agr ye harami kom sudhri na to inke liye mohram ka jalus niklna mushkil hi ni namumkin bna dengeğŸ˜¡,1514813955180441602
432,@diamond__jatt @jattitude_manu Mannu ne noodla da jalus kaddea hor ki ğŸ˜‚ğŸ˜‚ğŸ˜‚,1514796229896531983
433,@ImranKhanPTI Sharam name ke koi cheaz Honi chaiye aapme lekin sharam Nhe Apni hawaz lalach ke liue mulak ko dao pe lagana chahti he khuda ne tumko tere qarmo ke saza de he ab sirf jalsi jalus karti raho faltu logo ko mazeed Aor uqsao,1514698249227046935
434,@MajorPoonia Kio K Patherbaz Tab Jalus Mai Busy Hote Hai,1514654943655137280
435,@INCIndia Nafrat kee aah to Muslims mein bhara Hai kyon stone pelting Kar rahe hinduon ke Jalus pe inke apne Jalus bhi nikalte Hai tab koi Hindu samaj inke Jalus pe stone pelting nahin karta.,1514637731011317766
436,RT @Shubh_Ambhoj: Imagin that a Muslim jalus is going on &amp; a muslim man climb &amp; put a green flag on gate or top of a temple... All hindus wâ€¦,1514603574709620736
437,Sounds like a jalus ğŸ˜‚ https://t.co/pVnAtXncjB,1514589875533660168
438,"@ArvindKejriwal Sir ap kyu jalus krty ho it sell ko ye sb tweet krky ğŸ˜ŠğŸ˜ŠğŸ˜Š
Inkalab jindabad âœŒï¸âœŒï¸âœŒï¸",1514586399659290624
439,@aasmarobab204 Donâ€™t jalus,1514536743902617604
440,@RenaldoGouws Totally true Julius and his bunch of oafs are very â€œjalusâ€ of Rupert.,1514494568842022916
441,@Mauli_____ @SMJ98972674 @zoo_bear Ram Navami ka jalus apna farmhouse pe nakal na..!! Ppl dnt wanted to hear unwanted things ...!!,1514464818903728129
442,@SaleemKhanSafi Jalus dakha ly,1514353428583043073
443,"@HeiKidoo @collegemenfess btw kak maaf nanya lagi, kaka nya masuk jalus snm atau sbm? kalo sbm mau nanya mteri apa aja soalnya gatauğŸ˜­",1514346157375631360
444,@WuzgarX @NadeemK91800812 Hahahaha you're just so jalus of my writing skills. Huh huh,1514331025324843010
445,Jab masjido se ramnavmi ke jalus par fake ja rahe the to aap kaha the https://t.co/0YLQtnTaQT,1514277693176508421
446,"@porinju @LittyPorinju Am I jalus....ğŸ¥µ
Delhi @ 42...!",1514234719806046208
447,@KamalSh97859262 @NasirAbbasiOff2 You take your mothers and sisters to D'Chowk. You do not  know  the honor of mother and sisters is at home or in Jalsa Jalus...,1514230182386622466
448,Mc jessy and Jalus should know there is a clear line differentiating politics and comedy,1514229021265088513
449,@Qamarcheema Mr. Cheema it is reply for stone pelting on ram navmi jalus.and also according to quran jitna aap kaffir ko pareshan karoga utna sawab milega. That reply for them who think this.,1514218713800912898
450,@Mohamma29688687 @sakshijoshii aur jo jalus par pathar fek rahe hain unko suaron ka kya,1514159527360606208
451,"Even andar koi pooja sthal nahi,sab bahar apney apney pooja sthal jao,keertan karo,namaz paro,jalus nikalo,per campus sirf shiksha key liye,saath mey in aajki photu kichakar famous honey wale larkia/larko/netao/actors sey bacho,inka maksad note kamana,3-5star life jeena hi hey. https://t.co/RQdrv1r92z",1514101860940288007
452,Har tarah ki shobha yatra aur jalus....chahe moharram ka ho ya ramnoumi ka sarkar fully prohibited kar de.. modern society ko aise utsav ki koi zarurat nahi hai...sablog ya to apne mohalle me congregation karen ya fir apne dharm asthalon me....ye pooja danga karane ki factory hai,1514063833299845123
453,"@ysshukla @real_1ali @shailendraydv12 aha the wahi raho 
tu idhar udhar ki bat na kar 
ye bata kitne sabut chayie tujhe moharram ke jalus ka jisme andhbhakto ne apni ma chudayi hai",1514061819949764608
454,"@THEGOGAI HOW MUCH YOU MILK WITH CONSTITUTION SECULARISM GANDHIVAD TO ISLAMIC IDEOLOGY, IN RESULT YOU WILL GET ONLY.
1 KASHMIR
2W. BENGAL
3 KERLA
4 KAIRANA
5 MUZAFFAR NAGAR
6 BOMB BLAST EVERYWHERE
7 FATABA TO BEHEAD HINDUS.
8 STONE PELTING ON ARMY &amp; HINDU JALUS.
MINDLESS JAICHAD HINDU NETA",1514047752719978497
455,@ImranRiazKhan Itna bara jalus PDM ne PTI ka record tor dia :),1514046934037585921
456,"@digvijaya_28 @INCMP @ChouhanShivraj Tm Kaun se Enquiry Agency h ?
Gorakpur Mandir hmla  or Ram Navmi Jalus p Patharbaji p kha tha tu ?
Puri Duniya m jo Bomb krte h..
Un par kbhe Swal Kiya tune.
Mkkar Neta",1514030178535583746
457,@ImranRiazKhan Imran bhai assal jalus andhar he ye jaga kam pergai essleye bhair wait kr rahe he...ğŸ¤£ğŸ¤£ğŸ¤£ğŸ¤£ğŸ¤£,1513971942637854726
458,@ImranRiazKhan Waisi IK ko chaeye k badle keleye jalse k bad jalus ko Hayatabad ki taraf morr de een k ghar ka tawaf kerne k leye.... Lekin ye abi oudhar keya kr raha Load shedding tho edher Peshawar me pehle se bhi zeyada abater hogaye he chand deno se koye ounko bata de abi tho enki govt he..,1513971511547281427
459,RT @Shubh_Ambhoj: Imagin that a Muslim jalus is going on &amp; a muslim man climb &amp; put a green flag on gate or top of a temple... All hindus wâ€¦,1513940351744376832
460,RT @Shubh_Ambhoj: Imagin that a Muslim jalus is going on &amp; a muslim man climb &amp; put a green flag on gate or top of a temple... All hindus wâ€¦,1513934236847607809
461,RT @Shubh_Ambhoj: Imagin that a Muslim jalus is going on &amp; a muslim man climb &amp; put a green flag on gate or top of a temple... All hindus wâ€¦,1513932486685847553
462,"@Fazal563741431 @PG2287 @TimesNow @asadowaisi @PadmajaJoshi Arre Bhai permission har chiz ki mil jaati h 
Ab ek baat btao kitne jalus nikalte h 
Khi tumne suna permission nhi di( kuch exception ko chodd kar)
Normally sab de dete h",1513928870684069889
463,@hina98_hina Bas kr do Yarrrr... Itna is ko allah or rasool (PBUH) yad aa rhy hn or ramzan ki fikr ha to tab kya tha jab  namus e rasalat pe bat ai thi or jalus mn shareek rozedar Muslims pr zulm kiya tha tab kya tha....,1513915435372191753
464,@ShamsTabrezQ Jalus nikalna hi gatat hai...,1513907120697409536
465,"@khanumarfa Ha Ji sabka no aayega aaj ramnavmi jalus ka aaya hai kl or kisi ka bhi aayega. Wo bhi very soon

Mark my words",1513856057755373570
466,@AmanChopra_ Kal koi kesi muslim jalus per pathar fekne lage to usko ovesi keya bolega,1513824090423177223
467,@Babar_7860 Baber agar bharat me hindu apna  ramnavmi manate he to muslimo ko kya pareshani he vo log hinduo pr pather bazi kyo karte he jb action hota he tab tere jese suver apni  aukat dikhaate he par tum dikhaao agar hinduo ke jalus me pather bazi karenge to hishab liya jaayega,1513818431833128967
468,@MajorPoonia Jdo mohram hunda a na odu Ehna de ute pathar ni bomb Marne chahide ne Ehna de jalus teğŸ˜¡,1513792345434583042
469,"@drmerajhusain Ramnavami ke Jalus per Pathawaji.. 
Gorakhnath Mandir per Hamla.. 
Karauli Rajasthan mai. Dulano mai aag lagana.. 
Pure Bharat mai terror creation.. 
Kya ye Aman parasti hai....??",1513771013430931457
470,"@Mithileshdhar No noise please, not in the name of parties, rallies, pujas,ajan, bhadaras, nagar kirtan, Shobha Yatra, jalus. Law of land should be equally applicable to all.if the Religion is personal choice then what is the need to show off. There should be dedicated places to celebrate it",1513758068068151303
471,"Bhayi chara ki latest misaal..
Mandir mai Iftaar party, Ramnaumi jalus pe Pathraw.
Bhai kha gaye ...pata nahi Qaafiron ka diya huaa kaise Ramzan pak mahine mai khatay hain.
Ismai to suna tha zakaat di jaati hai..?",1513724653902364674
472,@Pku22333537 @Queensugandha @queensugandha1 @Kavita_Ecstasy maderchod bhen k lode yaad rakh ye sab mujhe bhi aati hai kahi esa na ho tera jalus nikal du TL pr gali di to samjha,1513704097643474949
473,"@WasiuddinSiddi1 Siddiki ji
Jab bhi humara koi jalus niklta hai,tum jaisai Santi Priya log patar wagi kartai ho,
1 bar UP aa jaoo,baba tum logo to samja degai. Bat kar Tai ho.",1513700555557801984
474,"@iamakki19 Bahut sahi kaha.inkai sath in jaisa he bahave karna padega.
Jab Inka jalus niklagi , injaisa behave karo.fir dheko turant surrender ho jaygai.",1513692983027109889
475,"@ChouhanShivraj Bharat ke nagrik hone ke nate aap se ek sawal karta hoon ki
jin logon ne Ramnavmi ke jalus per paththar phenka uska kuch to karan hoga kya aapne uski janch karwai thi
Sir aapko sabhi dosiyo ko saza deni chahiyeh thi",1513690222357540864
476,@DaudHKhan_ in aatankiyo pe mohabbat luta rahe ho kabhi muharram k jalus mai nahi dikhti,1513673161417523200
477,@yahya_614 @chestfinance @MagicEden @ahmedayub1000 @FawadMusharraf Dont jalus,1513665943372713989
478,#Ø§Ù…Ù¾ÙˆØ±Ù¹Úˆ_Ø­Ú©ÙˆÙ…Øª_Ù†Ø§Ù…Ù†Ø¸ÙˆØ± ya sb crowd dkh kr PMLN or PPP waly khty hain ya toh karbala ky jalus ky clips hain lakh lanat 100 br tum logo pr ya mulk ko nh apny ghr ko chlayein gy bs,1513597890110836750
479,@SanjayAzadSln Yeh kya arey bhai apna jalus nikalo yeh tow chidhana hua ...zabardati bawal karwana,1513577848329494531
480,@BeechBazar You should go to court. Ram Naumi ka jalus nikal rha tha. Jin logo ne patherbazi ki unka yeh uchit ilaj hi. Aise logo me khouf hona zaruri hi.,1513562956251815939
481,@joshushuw @caratstalk Jalus jastip,1513546844843905029
482,@RajputAditi Ye jaa rahe hai apna  jalus lekar Muslim areas me jaa rahe or jaake unko chidane wale songs chaala rahe taki jhagda ho aap koi bhi hinsa uthao hal filhal ki kya hua hai,1513537719125049347
483,"@Abuuzzz @jalormeghwal @3018manish @dharma_foll0wer @meena_riteish @AdityaRajKaul To pattar maroge?. Jub tum logonka jalus nikalata hai to, Hindu pattar feke kya?. Kya dimag hai.",1513531508489097218
484,Jalus people https://t.co/1upS7Aygng,1513528364958633991
485,"Imagin that a Muslim jalus is going on &amp; a muslim man climb &amp; put a green flag on gate or top of a temple... All hindus will get offended &amp; say this is like a terrorist attack on hindus... 
Don't you think it's same for Muslims???

#HindutvaTerror https://t.co/o33w4NtCiq",1513523102545682432
486,"Inke hisab se hindu muslim area se kyo ja rahe the, India ab area me batega aur ye decide hoga ki kon kis area se jayega, ye allahuakbar ke nare laga kar jalus nikale to thik lekin hindu jaisriram ka nam le to dangai #khargone #Sendhwa",1513511150436040710
487,@j_s_khalsa @sarthakbhagat45 Jab tumhara festival hota hai tab tumhaara jalus Nikalte Hain aur Waheguru ji Ka Khalsa Waheguru ji Ki Fateh bolte hue jate ho tab koi dikkat nahin  clapping ğŸ‘ğŸ½ honi chahiye apne liye ğŸ˜¡,1513467165420265476
488,"RT @gankitca: à¤°à¤¾à¤® à¤œà¤²à¥‚à¤¸ à¤ªà¤° à¤ªà¤¥à¤°à¤¾à¤µ à¤•à¤°à¤¨à¥‡ à¤µà¤¾à¤²à¥‹à¤‚ à¤•à¥‡ à¤˜à¤°à¥‹à¤‚ à¤ªà¤° 24 à¤˜à¤‚à¤Ÿà¥‡ à¤•à¥‡ à¤…à¤‚à¤¦à¤° à¤šà¤² à¤—à¤¯à¤¾ Bulldozer, Shivraj à¤¸à¤°à¤•à¤¾à¤° à¤•à¥€ à¤¬à¤¡à¤¼à¥€ à¤•à¤¾à¤°à¥à¤°à¤µà¤¾à¤ˆ

https://t.co/l1PQn7â€¦",1513453756410916867
489,"à¤°à¤¾à¤® à¤œà¤²à¥‚à¤¸ à¤ªà¤° à¤ªà¤¥à¤°à¤¾à¤µ à¤•à¤°à¤¨à¥‡ à¤µà¤¾à¤²à¥‹à¤‚ à¤•à¥‡ à¤˜à¤°à¥‹à¤‚ à¤ªà¤° 24 à¤˜à¤‚à¤Ÿà¥‡ à¤•à¥‡ à¤…à¤‚à¤¦à¤° à¤šà¤² à¤—à¤¯à¤¾ Bulldozer, Shivraj à¤¸à¤°à¤•à¤¾à¤° à¤•à¥€ à¤¬à¤¡à¤¼à¥€ à¤•à¤¾à¤°à¥à¤°à¤µà¤¾à¤ˆ

https://t.co/l1PQn7mgew
#RamNavami 
#RamNavmiSpecial 
@BJP4CGState @BJP4MP @iAjaySengar",1513453308291485699
490,RT @phatishpharma: Indian media including so called liberal and so called non godi media houses are also dog whistling against muslims....hâ€¦,1513435430368145410
491,RT @phatishpharma: Indian media including so called liberal and so called non godi media houses are also dog whistling against muslims....hâ€¦,1513434620213317638
492,Indian media including so called liberal and so called non godi media houses are also dog whistling against muslims....headlines like Ramnavami ki jalus mein pathrav in @ndtv was so disheartening to see...humi ko marke hume hi  Qatil sabith karne ka yeh andaz yadh raka jayega,1513432924938334209
493,"@linglingcuan hallo kak, mau nanya Kaka masuk uns jalus snm atau sbm ya ka? makasih kak",1513414431790997510
494,@ranvijaylive Lekin jalus par pathar fekna jruri hai bc,1513414385791758342
495,@sakshijoshii @harishupadhya In return they pelted stones on ram navmi jalus,1513341685048086531
496,@MaddyWithKhan Bike py namaz k.bad akly nikla sher poncha Jalus main.Shmil huwağŸŒºğŸ,1513315590286544898
497,"ptn! ges misal nih yaa misalnya aj,,, mungkin ga ya bisa lolos psikologi jalus sbm dgn skor pk 300an tapi skor lain bisa smpe 600+?? WKWKWKğŸ˜­ğŸ˜­ 

aku hopeless bgt sm pk yg satu ini, aku linjur dan skrng masih ngejar tka jd keknya ga cukup waktu bljr pk,,,",1513270599870681089
498,Bhai jan wo tank bhejo jis ky nichy ap log laity thy.hum tu kam as kam jalus me tu gy hain. https://t.co/9NzIFBoc1k,1513224096133394444
499,"@SizweLo This is a diversion created by those who want to bury the information about the real killers of Hani. What we just read here is nonsense. Hani assassination was plotted here, by South Africans. It is becoming clear now why he was killed, Polish people don't even know that jalus",1513220508388573196
500,@znbmrtz Dont jalus,1513193239913893898
501,Asansol hathon road Bengal election jalus BJP. https://t.co/828Ka6pkBG,1513114878835191814
502,"My question is how is the dude going to raise a child with a woman who he well knows that she is a cheat! 

Will the dude Marry Sonnie? I am pretty sure he wont!

Men should respect themselves. @amerix has been very clear on this!

Respect yourselves guys!

Jalus Kiraitu Faruk",1513086404062060544
503,"@JennMForster We're still on the dark who really ordered his assassination, Jalus Walus will go to the grave with his secret one wonders how much he and his family was compensated it must have been a handsome lot.",1513074130643468292
504,"RT @bobbyfriction: âš¡ï¸BOBBY FRICTIONâš¡ï¸
âš¡ï¸BROWN FUTURE TUNEâš¡ï¸

Jalus feat Fakir Syed - 'Superpower'

Chilled lofi hazy beat tribute to Maharaâ€¦",1513071150653444097
505,"@VaruKrutika Tau Bhai kio unko sarpey bithatey ho,votokey liye,unko apna mananey dau,apan apna manao,vesebhi yeh jalus har community key band honey chahiye,population bar chuki hey,roads vesey hi encroched rehtey hein,behtar ho ek celebration area Street banadinaye,jaha vo celebrate karein.",1513064669728047111
