0,RT @PTIPoliticsss: Gilgit Baltistan's convoy enroute to Islamabad for 27th March's Mega Jalsa! https://t.co/xMfETTk0W0,1507394168255037447
1,RT @PTIPoliticsss: Gilgit Baltistan's convoy enroute to Islamabad for 27th March's Mega Jalsa! https://t.co/xMfETTk0W0,1507394154522947592
2,RT @PTIPoliticsss: Huge crowd in Mansehra Jalsa! https://t.co/g1GfgcEbPD,1507394096154951681
3,"RT @agentjay2009: Mini tour of Parade Ground Islamabad two days before the Jalsa, featuring media interactions of party leaders like @Asad_…",1507394087292264448
4,"RT @agentjay2009: Mini tour of Parade Ground Islamabad two days before the Jalsa, featuring media interactions of party leaders like @Asad_…",1507394086218702864
5,RT @siasatpk: PM Khan pulls off another MASSIVE Jalsa in Mansehra. https://t.co/akIBE5vsjd,1507394086063513612
6,RT @PTIPoliticsss: Roads leading to today's Mansehra Jalsa! https://t.co/rD1wEZjgTi,1507394067994451986
7,"RT @agentjay2009: Mini tour of Parade Ground Islamabad two days before the Jalsa, featuring media interactions of party leaders like @Asad_…",1507394063166812165
8,"RT @Majid_PSF: Imran Khan after violating the constitution, going to address mansehra Jalsa on cycle to lecture people on Islam abuse other…",1507394061455572995
9,RT @PTIPoliticsss: Local Jalsa Tehsil Matta Swat! https://t.co/buME5bcqTy,1507394055759712268
10,"RT @Here_4Pakistan: #یہ_بازی_خان_ہی_جیتےگا

Addressing a jalsa in the Dargai tehsil of the Malakand district, Khyber Pakhtunkhwa, the premi…",1507394034528104450
11,"RT @agentjay2009: Mini tour of Parade Ground Islamabad two days before the Jalsa, featuring media interactions of party leaders like @Asad_…",1507394016131829761
12,RT @PTIPoliticsss: Gilgit Baltistan's convoy enroute to Islamabad for 27th March's Mega Jalsa! https://t.co/xMfETTk0W0,1507393997429424136
13,RT @PTIPoliticsss: Huge crowd in Mansehra Jalsa! https://t.co/g1GfgcEbPD,1507393984431280133
14,RT @siasatpk: PM Khan pulls off another MASSIVE Jalsa in Mansehra. https://t.co/akIBE5vsjd,1507393967117197319
15,RT @PTIPoliticsss: Gilgit Baltistan's convoy enroute to Islamabad for 27th March's Mega Jalsa! https://t.co/xMfETTk0W0,1507393962155327489
16,RT @PTIPoliticsss: Gilgit Baltistan's convoy enroute to Islamabad for 27th March's Mega Jalsa! https://t.co/xMfETTk0W0,1507393959504531457
17,RT @PTIPoliticsss: Gilgit Baltistan's convoy enroute to Islamabad for 27th March's Mega Jalsa! https://t.co/xMfETTk0W0,1507393958015606804
18,RT @PTIPoliticsss: Gilgit Baltistan's convoy enroute to Islamabad for 27th March's Mega Jalsa! https://t.co/xMfETTk0W0,1507393956723978240
19,"RT @agentjay2009: Mini tour of Parade Ground Islamabad two days before the Jalsa, featuring media interactions of party leaders like @Asad_…",1507393951401185284
20,RT @PTIPoliticsss: Preparations completed in Mansehra Jalsagah for PM Imran Khan's today's Jalsa! https://t.co/Q200W99tgB,1507393948330958948
21,RT @PTIPoliticsss: Gilgit Baltistan's convoy enroute to Islamabad for 27th March's Mega Jalsa! https://t.co/xMfETTk0W0,1507393935345393707
22,"RT @agentjay2009: Mini tour of Parade Ground Islamabad two days before the Jalsa, featuring media interactions of party leaders like @Asad_…",1507393926289895430
23,"RT @agentjay2009: Mini tour of Parade Ground Islamabad two days before the Jalsa, featuring media interactions of party leaders like @Asad_…",1507393901727989762
24,RT @PTIPoliticsss: Gilgit Baltistan's convoy enroute to Islamabad for 27th March's Mega Jalsa! https://t.co/xMfETTk0W0,1507393897869291523
25,RT @PTIPoliticsss: Gilgit Baltistan's convoy enroute to Islamabad for 27th March's Mega Jalsa! https://t.co/xMfETTk0W0,1507393893117083658
26,"RT @agentjay2009: Mini tour of Parade Ground Islamabad two days before the Jalsa, featuring media interactions of party leaders like @Asad_…",1507393880731303939
27,RT @siasatpk: PM Khan pulls off another MASSIVE Jalsa in Mansehra. https://t.co/akIBE5vsjd,1507393866181320721
28,RT @PTIPoliticsss: Gilgit Baltistan's convoy enroute to Islamabad for 27th March's Mega Jalsa! https://t.co/xMfETTk0W0,1507393866105827330
29,"RT @agentjay2009: Mini tour of Parade Ground Islamabad two days before the Jalsa, featuring media interactions of party leaders like @Asad_…",1507393852897910792
