0,RT @PTIPoliticsss: Gilgit Baltistan's convoy enroute to Islamabad for 27th March's Mega Jalsa! https://t.co/xMfETTk0W0,1507394500376862732
1,RT @PTIPoliticsss: Gilgit Baltistan's convoy enroute to Islamabad for 27th March's Mega Jalsa! https://t.co/xMfETTk0W0,1507394495104520195
2,"RT @PTIPoliticsss: Another local Jalsa in Swat!
MPA Dr Amjad and PTI candidate Tehsil Barikot Kashif Ali addressed a huge local jalsa! http‚Ä¶",1507394472568664068
3,RT @PTIPoliticsss: PTI Rally in Sheikhupura City to mobilze workers for 27th March Jalsa! https://t.co/gYUAXvd96i,1507394463869857794
4,RT @siasatpk: PM Khan pulls off another MASSIVE Jalsa in Mansehra. https://t.co/akIBE5vsjd,1507394462506491908
5,"RT @SaadSabriPTI: Minister of State I&amp;B @FarrukhHabibISF addressing a Jalsa in Faisalabad
Today, the people of Faisalabad attended the Jals‚Ä¶",1507394459369103368
6,RT @PTIPoliticsss: Gilgit Baltistan's convoy enroute to Islamabad for 27th March's Mega Jalsa! https://t.co/xMfETTk0W0,1507394442914848768
7,"RT @agentjay2009: Mini tour of Parade Ground Islamabad two days before the Jalsa, featuring media interactions of party leaders like @Asad_‚Ä¶",1507394425382752264
8,@lostguy79 @theironicirony Khan agr confudence show na karwaye to uski party or karkun coplase kr jayen gy or 27 ka jalsa fail . isi ley wo confindence show karwa rha hai .. Pata use bhi hai k watt lag gai hai,1507394396848898049
9,RT @PTIPoliticsss: Gilgit Baltistan's convoy enroute to Islamabad for 27th March's Mega Jalsa! https://t.co/xMfETTk0W0,1507394395838025738
10,RT @PTIPoliticsss: Gilgit Baltistan's convoy enroute to Islamabad for 27th March's Mega Jalsa! https://t.co/xMfETTk0W0,1507394392679596032
11,"RT @agentjay2009: Mini tour of Parade Ground Islamabad two days before the Jalsa, featuring media interactions of party leaders like @Asad_‚Ä¶",1507394370827395111
12,RT @PTIPoliticsss: Gilgit Baltistan's convoy enroute to Islamabad for 27th March's Mega Jalsa! https://t.co/xMfETTk0W0,1507394355346214914
13,RT @PTIPoliticsss: Gilgit Baltistan's convoy enroute to Islamabad for 27th March's Mega Jalsa! https://t.co/xMfETTk0W0,1507394354343731207
14,"Anyone in Pesh who really wants to go to the Biggest Jalsa of Pakistan, on sunday, then he, she can contact me! Everything is ready and available with Transportation and Convenience!!! Together we will support our leader and Together we gonna winüí™üèª  
#BehindYouSkipper",1507394352489930755
15,RT @PTIPoliticsss: Gilgit Baltistan's convoy enroute to Islamabad for 27th March's Mega Jalsa! https://t.co/xMfETTk0W0,1507394348358541320
16,@MrsQureshi10 @MoonisElahi6 @ChSalikHussain @EllahiHussain @ChTariqBashirC1 @FarazawanPML @agha_kamil I think whether mam you was present in 23rd march jalsa in Muslim league  House  lahore.,1507394331010867215
17,@sk__jalsa Annaaaa congratulations,1507394330637778944
18,@sk__jalsa Bro hindi talk enti,1507394320974114816
19,RT @siasatpk: PM Khan pulls off another MASSIVE Jalsa in Mansehra. https://t.co/akIBE5vsjd,1507394319854215168
20,RT @PTIPoliticsss: Gilgit Baltistan's convoy enroute to Islamabad for 27th March's Mega Jalsa! https://t.co/xMfETTk0W0,1507394309879963672
21,RT @siasatpk: PM Khan pulls off another MASSIVE Jalsa in Mansehra. https://t.co/akIBE5vsjd,1507394290707689474
22,RT @PTIPoliticsss: Gilgit Baltistan's convoy enroute to Islamabad for 27th March's Mega Jalsa! https://t.co/xMfETTk0W0,1507394271174791172
23,RT @PTIPoliticsss: Gilgit Baltistan's convoy enroute to Islamabad for 27th March's Mega Jalsa! https://t.co/xMfETTk0W0,1507394255089770508
24,@premalparekh @brajbhushan1995 Jalsa üëåüëå,1507394252694728706
25,RT @siasatpk: PM Khan pulls off another MASSIVE Jalsa in Mansehra. https://t.co/akIBE5vsjd,1507394249276465189
26,RT @PTIPoliticsss: Gilgit Baltistan's convoy enroute to Islamabad for 27th March's Mega Jalsa! https://t.co/xMfETTk0W0,1507394245010763776
27,"RT @agentjay2009: Mini tour of Parade Ground Islamabad two days before the Jalsa, featuring media interactions of party leaders like @Asad_‚Ä¶",1507394219345854470
28,"RT @agentjay2009: Mini tour of Parade Ground Islamabad two days before the Jalsa, featuring media interactions of party leaders like @Asad_‚Ä¶",1507394212395950092
29,RT @PTIPoliticsss: Gilgit Baltistan's convoy enroute to Islamabad for 27th March's Mega Jalsa! https://t.co/xMfETTk0W0,1507394182880632876
30,RT @PTIPoliticsss: Gilgit Baltistan's convoy enroute to Islamabad for 27th March's Mega Jalsa! https://t.co/xMfETTk0W0,1507394168255037447
31,RT @PTIPoliticsss: Gilgit Baltistan's convoy enroute to Islamabad for 27th March's Mega Jalsa! https://t.co/xMfETTk0W0,1507394154522947592
32,RT @PTIPoliticsss: Huge crowd in Mansehra Jalsa! https://t.co/g1GfgcEbPD,1507394096154951681
33,"RT @agentjay2009: Mini tour of Parade Ground Islamabad two days before the Jalsa, featuring media interactions of party leaders like @Asad_‚Ä¶",1507394087292264448
34,"RT @agentjay2009: Mini tour of Parade Ground Islamabad two days before the Jalsa, featuring media interactions of party leaders like @Asad_‚Ä¶",1507394086218702864
35,RT @siasatpk: PM Khan pulls off another MASSIVE Jalsa in Mansehra. https://t.co/akIBE5vsjd,1507394086063513612
36,RT @PTIPoliticsss: Roads leading to today's Mansehra Jalsa! https://t.co/rD1wEZjgTi,1507394067994451986
37,"RT @agentjay2009: Mini tour of Parade Ground Islamabad two days before the Jalsa, featuring media interactions of party leaders like @Asad_‚Ä¶",1507394063166812165
38,"RT @Majid_PSF: Imran Khan after violating the constitution, going to address mansehra Jalsa on cycle to lecture people on Islam abuse other‚Ä¶",1507394061455572995
39,RT @PTIPoliticsss: Local Jalsa Tehsil Matta Swat! https://t.co/buME5bcqTy,1507394055759712268
40,"RT @Here_4Pakistan: #€å€Å_ÿ®ÿßÿ≤€å_ÿÆÿßŸÜ_€Å€å_ÿ¨€åÿ™€í⁄Øÿß

Addressing a jalsa in the Dargai tehsil of the Malakand district, Khyber Pakhtunkhwa, the premi‚Ä¶",1507394034528104450
41,"RT @agentjay2009: Mini tour of Parade Ground Islamabad two days before the Jalsa, featuring media interactions of party leaders like @Asad_‚Ä¶",1507394016131829761
42,RT @PTIPoliticsss: Gilgit Baltistan's convoy enroute to Islamabad for 27th March's Mega Jalsa! https://t.co/xMfETTk0W0,1507393997429424136
43,RT @PTIPoliticsss: Huge crowd in Mansehra Jalsa! https://t.co/g1GfgcEbPD,1507393984431280133
44,RT @siasatpk: PM Khan pulls off another MASSIVE Jalsa in Mansehra. https://t.co/akIBE5vsjd,1507393967117197319
45,RT @PTIPoliticsss: Gilgit Baltistan's convoy enroute to Islamabad for 27th March's Mega Jalsa! https://t.co/xMfETTk0W0,1507393962155327489
46,RT @PTIPoliticsss: Gilgit Baltistan's convoy enroute to Islamabad for 27th March's Mega Jalsa! https://t.co/xMfETTk0W0,1507393959504531457
47,RT @PTIPoliticsss: Gilgit Baltistan's convoy enroute to Islamabad for 27th March's Mega Jalsa! https://t.co/xMfETTk0W0,1507393958015606804
48,RT @PTIPoliticsss: Gilgit Baltistan's convoy enroute to Islamabad for 27th March's Mega Jalsa! https://t.co/xMfETTk0W0,1507393956723978240
49,"RT @agentjay2009: Mini tour of Parade Ground Islamabad two days before the Jalsa, featuring media interactions of party leaders like @Asad_‚Ä¶",1507393951401185284
50,RT @PTIPoliticsss: Preparations completed in Mansehra Jalsagah for PM Imran Khan's today's Jalsa! https://t.co/Q200W99tgB,1507393948330958948
51,RT @PTIPoliticsss: Gilgit Baltistan's convoy enroute to Islamabad for 27th March's Mega Jalsa! https://t.co/xMfETTk0W0,1507393935345393707
52,"RT @agentjay2009: Mini tour of Parade Ground Islamabad two days before the Jalsa, featuring media interactions of party leaders like @Asad_‚Ä¶",1507393926289895430
53,"RT @agentjay2009: Mini tour of Parade Ground Islamabad two days before the Jalsa, featuring media interactions of party leaders like @Asad_‚Ä¶",1507393901727989762
54,RT @PTIPoliticsss: Gilgit Baltistan's convoy enroute to Islamabad for 27th March's Mega Jalsa! https://t.co/xMfETTk0W0,1507393897869291523
55,RT @PTIPoliticsss: Gilgit Baltistan's convoy enroute to Islamabad for 27th March's Mega Jalsa! https://t.co/xMfETTk0W0,1507393893117083658
56,"RT @agentjay2009: Mini tour of Parade Ground Islamabad two days before the Jalsa, featuring media interactions of party leaders like @Asad_‚Ä¶",1507393880731303939
57,RT @siasatpk: PM Khan pulls off another MASSIVE Jalsa in Mansehra. https://t.co/akIBE5vsjd,1507393866181320721
58,RT @PTIPoliticsss: Gilgit Baltistan's convoy enroute to Islamabad for 27th March's Mega Jalsa! https://t.co/xMfETTk0W0,1507393866105827330
59,"RT @agentjay2009: Mini tour of Parade Ground Islamabad two days before the Jalsa, featuring media interactions of party leaders like @Asad_‚Ä¶",1507393852897910792
60,RT @PTIPoliticsss: Gilgit Baltistan's convoy enroute to Islamabad for 27th March's Mega Jalsa! https://t.co/xMfETTk0W0,1507393850117140485
61,"RT @ShakirFareed12: PTI Govt is using NATCO (Govt of Gilgit Baltistan buses) for #PTI Jalsa in Islamabad on 27th March.
#NATCO was establis‚Ä¶",1507393834157674503
62,RT @PTIPoliticsss: Gilgit Baltistan's convoy enroute to Islamabad for 27th March's Mega Jalsa! https://t.co/xMfETTk0W0,1507393832505286658
63,RT @siasatpk: PM Khan pulls off another MASSIVE Jalsa in Mansehra. https://t.co/akIBE5vsjd,1507393811575496706
64,Mansehra #kaaptan ka today jalsa in Mansehra https://t.co/uzuwj1I9Hz,1507393809931505666
65,"RT @zeeshankhandir: You are our admissible PM Khan, Pakistan Needs you, Whatever happens We will stick by you,  27th March Jalsa. 
#NoConfi‚Ä¶",1507393799307546624
66,RT @PTIPoliticsss: Gilgit Baltistan's convoy enroute to Islamabad for 27th March's Mega Jalsa! https://t.co/xMfETTk0W0,1507393772296015872
67,RT @PTIPoliticsss: Local Jalsa Tehsil Matta Swat! https://t.co/buME5bcqTy,1507393766180671495
68,RT @PTIPoliticsss: Gilgit Baltistan's convoy enroute to Islamabad for 27th March's Mega Jalsa! https://t.co/xMfETTk0W0,1507393752280682499
69,RT @MaddyWithKhan: What a massive charged crowd in PTI's Mansehra Jalsa. üëå,1507393710660722740
70,RT @PTIPoliticsss: Rally from Baffa towards Mansehra Jalsa! https://t.co/HowXnhgxU3,1507393702154674206
71,RT @siasatpk: PM Khan pulls off another MASSIVE Jalsa in Mansehra. https://t.co/akIBE5vsjd,1507393672949768195
72,"RT @PTIOfficialISB: Such a great Jalsa &amp; huge participation of public showing that they all are standing with their beloved leader.

#€å€Å_ÿ®ÿß‚Ä¶",1507393665144131589
73,RT @PTIPoliticsss: Roads leading to today's Mansehra Jalsa! https://t.co/rD1wEZjgTi,1507393646378766343
74,RT @PTIPoliticsss: Gilgit Baltistan's convoy enroute to Islamabad for 27th March's Mega Jalsa! https://t.co/xMfETTk0W0,1507393640284401664
75,RT @PTIPoliticsss: Gilgit Baltistan's convoy enroute to Islamabad for 27th March's Mega Jalsa! https://t.co/xMfETTk0W0,1507393640087363613
76,RT @PTIPoliticsss: Gilgit Baltistan's convoy enroute to Islamabad for 27th March's Mega Jalsa! https://t.co/xMfETTk0W0,1507393620214697990
77,RT @Shafqat_Mahmood: The people of Pakistan will gather on 27th March for the biggest jalsa in the history of Pakistan as a mark of support‚Ä¶,1507393617282969605
78,RT @PTIPoliticsss: Gilgit Baltistan's convoy enroute to Islamabad for 27th March's Mega Jalsa! https://t.co/xMfETTk0W0,1507393614065848322
79,"RT @DrAliahaider: #awamiraj jalsa happening at nasirbagh on 27th march 

#awamiraj 
#hkmnasirbaghjalsa",1507393612837179400
80,RT @PTIPoliticsss: Gilgit Baltistan's convoy enroute to Islamabad for 27th March's Mega Jalsa! https://t.co/xMfETTk0W0,1507393608516841477
81,"RT @PTIPoliticsss: MNA Malik Anwar Taj, MPA Arif Ahmedzai and MPA Sultan Muhammad addressed local jalsa to mobilize worker for 27th March J‚Ä¶",1507393602321891329
82,RT @PTIPoliticsss: Gilgit Baltistan's convoy enroute to Islamabad for 27th March's Mega Jalsa! https://t.co/xMfETTk0W0,1507393580477919232
83,RT @siasatpk: PM Khan pulls off another MASSIVE Jalsa in Mansehra. https://t.co/akIBE5vsjd,1507393576988454913
84,"RT @agentjay2009: Mini tour of Parade Ground Islamabad two days before the Jalsa, featuring media interactions of party leaders like @Asad_‚Ä¶",1507393574933041158
85,RT @PTIPoliticsss: Gilgit Baltistan's convoy enroute to Islamabad for 27th March's Mega Jalsa! https://t.co/xMfETTk0W0,1507393565357449241
86,RT @PTIPoliticsss: Huge crowd in Mansehra Jalsa! https://t.co/g1GfgcEbPD,1507393560043261952
87,"RT @agentjay2009: Mini tour of Parade Ground Islamabad two days before the Jalsa, featuring media interactions of party leaders like @Asad_‚Ä¶",1507393543001813001
88,RT @PTIPoliticsss: Gilgit Baltistan's convoy enroute to Islamabad for 27th March's Mega Jalsa! https://t.co/xMfETTk0W0,1507393537951866881
89,"RT @PTIPoliticsss: Another local Jalsa in Swat!
MPA Dr Amjad and PTI candidate Tehsil Barikot Kashif Ali addressed a huge local jalsa! http‚Ä¶",1507393532549820418
90,RT @PTIPoliticsss: Gilgit Baltistan's convoy enroute to Islamabad for 27th March's Mega Jalsa! https://t.co/xMfETTk0W0,1507393524370710562
91,RT @PTIPoliticsss: Gilgit Baltistan's convoy enroute to Islamabad for 27th March's Mega Jalsa! https://t.co/xMfETTk0W0,1507393505328603139
92,"RT @agentjay2009: Mini tour of Parade Ground Islamabad two days before the Jalsa, featuring media interactions of party leaders like @Asad_‚Ä¶",1507393494666649634
93,RT @PTIPoliticsss: Gilgit Baltistan's convoy enroute to Islamabad for 27th March's Mega Jalsa! https://t.co/xMfETTk0W0,1507393494247165960
94,"RT @agentjay2009: Mini tour of Parade Ground Islamabad two days before the Jalsa, featuring media interactions of party leaders like @Asad_‚Ä¶",1507393494155141120
95,"RT @agentjay2009: Mini tour of Parade Ground Islamabad two days before the Jalsa, featuring media interactions of party leaders like @Asad_‚Ä¶",1507393479265165337
96,RT @PTIPoliticsss: Gilgit Baltistan's convoy enroute to Islamabad for 27th March's Mega Jalsa! https://t.co/xMfETTk0W0,1507393478212431879
97,RT @PTIPoliticsss: Gilgit Baltistan's convoy enroute to Islamabad for 27th March's Mega Jalsa! https://t.co/xMfETTk0W0,1507393439452774407
98,RT @PTIPoliticsss: Gilgit Baltistan's convoy enroute to Islamabad for 27th March's Mega Jalsa! https://t.co/xMfETTk0W0,1507393433685663775
99,RT @PTIPoliticsss: Roads leading to today's Mansehra Jalsa! https://t.co/rD1wEZjgTi,1507393424835719174
100,"RT @Abuhuraira4uu: Thanks Leadership for appointing me for mobilization of ""ÿßŸÖÿ± ÿ®ÿßŸÑŸÖŸéÿπŸíÿ±ŸèŸàŸÅ"" Jalsa Islamabad.

InshAllah ISF Rahim Yar Khan‚Ä¶",1507393420515549200
101,"RT @naziarubbani: On our way to Islamabad. #27th Jalsa #AmarBilmaroof 
#BehindYouSkipper 
With Judge Rtd Rana Zaki Head of SCAD Sindh https‚Ä¶",1507393370829856773
102,RT @siasatpk: PM Khan pulls off another MASSIVE Jalsa in Mansehra. https://t.co/akIBE5vsjd,1507393368510316550
103,Gilgit Baltistan's convoy enroute to Islamabad for 27th March's Mega Jalsa! https://t.co/xMfETTk0W0,1507393318229278724
104,"RT @agentjay2009: Mini tour of Parade Ground Islamabad two days before the Jalsa, featuring media interactions of party leaders like @Asad_‚Ä¶",1507393309941059590
105,"RT @agentjay2009: Mini tour of Parade Ground Islamabad two days before the Jalsa, featuring media interactions of party leaders like @Asad_‚Ä¶",1507393285014315016
106,"RT @agentjay2009: Mini tour of Parade Ground Islamabad two days before the Jalsa, featuring media interactions of party leaders like @Asad_‚Ä¶",1507393262780358703
107,"RT @agentjay2009: Mini tour of Parade Ground Islamabad two days before the Jalsa, featuring media interactions of party leaders like @Asad_‚Ä¶",1507393260934864928
108,"RT @agentjay2009: Mini tour of Parade Ground Islamabad two days before the Jalsa, featuring media interactions of party leaders like @Asad_‚Ä¶",1507393250277171200
109,"RT @agentjay2009: Mini tour of Parade Ground Islamabad two days before the Jalsa, featuring media interactions of party leaders like @Asad_‚Ä¶",1507393231230803988
110,RT @NayiDisha_: Jalsa is Vidya Balan's latest film and is streaming on @PrimeVideoIN . What is special about this film is it features Ayush‚Ä¶,1507393227585830914
111,RT @PTIPoliticsss: Roads leading to today's Mansehra Jalsa! https://t.co/rD1wEZjgTi,1507393210674520075
112,RT @Shafqat_Mahmood: The people of Pakistan will gather on 27th March for the biggest jalsa in the history of Pakistan as a mark of support‚Ä¶,1507393203145740303
113,"RT @ShakirFareed12: PTI Govt is using NATCO (Govt of Gilgit Baltistan buses) for #PTI Jalsa in Islamabad on 27th March.
#NATCO was establis‚Ä¶",1507393202793422880
114,RT @PTIPoliticsss: Preparations have been completed for PTI's Jalsa in Tehsil Barikot Swat to be addressed by local MPA and candidate today‚Ä¶,1507393195273080832
115,"RT @PTIPoliticsss: MNA Malik Anwar Taj, MPA Arif Ahmedzai and MPA Sultan Muhammad addressed local jalsa to mobilize worker for 27th March J‚Ä¶",1507393194668998666
116,"RT @ShakirFareed12: PTI Govt is using NATCO (Govt of Gilgit Baltistan buses) for #PTI Jalsa in Islamabad on 27th March.
#NATCO was establis‚Ä¶",1507393188201385984
117,"RT @agentjay2009: Mini tour of Parade Ground Islamabad two days before the Jalsa, featuring media interactions of party leaders like @Asad_‚Ä¶",1507393176964898852
118,"RT @Haqooq_e_Khalq: Jab Lal lala lahrayega, tab khosh tikana ayega! 

Children of Nishtar Colony are ready for #AwamiRaj jalsa, this Sunday‚Ä¶",1507393168748208136
119,"RT @agentjay2009: Mini tour of Parade Ground Islamabad two days before the Jalsa, featuring media interactions of party leaders like @Asad_‚Ä¶",1507393168060334095
120,RT @PTIPoliticsss: PTI Rally in Sheikhupura City to mobilze workers for 27th March Jalsa! https://t.co/gYUAXvd96i,1507393146627440650
121,"RT @PTIOfficialISB: Such a great Jalsa &amp; huge participation of public showing that they all are standing with their beloved leader.

#€å€Å_ÿ®ÿß‚Ä¶",1507393145574674437
122,RT @PTIPoliticsss: Roads leading to today's Mansehra Jalsa! https://t.co/rD1wEZjgTi,1507393134199775258
123,RT @PTIPoliticsss: Massive Jalsa in Mansehra! https://t.co/FHirhfkco2,1507393128520912897
124,@PakPMO ye sarkary jalsa tha!,1507393123303006212
125,"@momynah Bas ab 27 ke jalsa ki ijazat maangi he,",1507393118227898370
126,"RT @SaadSabriPTI: Minister of State I&amp;B @FarrukhHabibISF addressing a Jalsa in Faisalabad
Today, the people of Faisalabad attended the Jals‚Ä¶",1507393087139717123
127,"RT @agentjay2009: Mini tour of Parade Ground Islamabad two days before the Jalsa, featuring media interactions of party leaders like @Asad_‚Ä¶",1507393048182988806
128,"RT @agentjay2009: Mini tour of Parade Ground Islamabad two days before the Jalsa, featuring media interactions of party leaders like @Asad_‚Ä¶",1507393033834217482
129,"RT @agentjay2009: Mini tour of Parade Ground Islamabad two days before the Jalsa, featuring media interactions of party leaders like @Asad_‚Ä¶",1507392966306013190
130,RT @PTIPoliticsss: Roads leading to today's Mansehra Jalsa! https://t.co/rD1wEZjgTi,1507392956050853888
131,RT @PTIPoliticsss: PTI Rally in Sheikhupura City to mobilze workers for 27th March Jalsa! https://t.co/gYUAXvd96i,1507392949365182470
132,"RT @agentjay2009: Mini tour of Parade Ground Islamabad two days before the Jalsa, featuring media interactions of party leaders like @Asad_‚Ä¶",1507392936044118018
133,"RT @SaadSabriPTI: Minister of State I&amp;B @FarrukhHabibISF addressing a Jalsa in Faisalabad
Today, the people of Faisalabad attended the Jals‚Ä¶",1507392932533485571
134,RT @PTIPoliticsss: Roads leading to today's Mansehra Jalsa! https://t.co/rD1wEZjgTi,1507392931371446273
135,"RT @agentjay2009: Mini tour of Parade Ground Islamabad two days before the Jalsa, featuring media interactions of party leaders like @Asad_‚Ä¶",1507392927684780038
136,"RT @agentjay2009: Mini tour of Parade Ground Islamabad two days before the Jalsa, featuring media interactions of party leaders like @Asad_‚Ä¶",1507392918612549648
137,@sk__jalsa Nizam day 1 numbers?,1507392885599076354
138,"RT @agentjay2009: Mini tour of Parade Ground Islamabad two days before the Jalsa, featuring media interactions of party leaders like @Asad_‚Ä¶",1507392877982326843
139,"RT @agentjay2009: Mini tour of Parade Ground Islamabad two days before the Jalsa, featuring media interactions of party leaders like @Asad_‚Ä¶",1507392871258800131
140,"RT @agentjay2009: Mini tour of Parade Ground Islamabad two days before the Jalsa, featuring media interactions of party leaders like @Asad_‚Ä¶",1507392861808955398
141,@_KashifK Imran Khan momentum joor ko ao Jalsa ba ye kha ghata we ao impact ba ye deer zi.,1507392852665507855
142,"RT @zeeshankhandir: You are our admissible PM Khan, Pakistan Needs you, Whatever happens We will stick by you,  27th March Jalsa. 
#NoConfi‚Ä¶",1507392806435893249
143,"RT @agentjay2009: Mini tour of Parade Ground Islamabad two days before the Jalsa, featuring media interactions of party leaders like @Asad_‚Ä¶",1507392777734266901
144,"RT @agentjay2009: Mini tour of Parade Ground Islamabad two days before the Jalsa, featuring media interactions of party leaders like @Asad_‚Ä¶",1507392755172974595
145,jalsa official trailer vidya balan shefali https://t.co/BE32cQiUNC via @YouTube,1507392735871127552
146,"RT @zeeshankhandir: You are our admissible PM Khan, Pakistan Needs you, Whatever happens We will stick by you,  27th March Jalsa. 
#NoConfi‚Ä¶",1507392705441148932
147,RT @siasatpk: PM Khan pulls off another MASSIVE Jalsa in Mansehra. https://t.co/akIBE5vsjd,1507392693500059685
148,"RT @PTIPoliticsss: MPA Muhibullah Khan, Ex Opposition leader Swat Ahmed Khan and PTI candidate Tehsil Matta Swat Abdullah Khan are addressi‚Ä¶",1507392690895396878
149,"RT @zeeshankhandir: You are our admissible PM Khan, Pakistan Needs you, Whatever happens We will stick by you,  27th March Jalsa. 
#NoConfi‚Ä¶",1507392666476163075
150,"RT @DrAliahaider: Hkm Lahore president @raialimanj21 addressing students and inviting them for #AwamiRaj jalsa at nasir bagh 
#awamiraj #HK‚Ä¶",1507392658850947077
151,"RT @Haqooq_e_Khalq: Join for HKM‚Äôs Twitter Space to discuss why laal laal lehrayega at the #AwamiRaj jalsa

Starting in 15 minutes:
https:/‚Ä¶",1507392644216987706
152,RT @khanau2: €ÅŸÖ€å⁄∫ €≤€∑ ŸÖÿßÿ±⁄Ü ⁄©Ÿà ÿπŸÖÿ±ÿßŸÜ ÿÆÿßŸÜ ŸÜ€í ÿ®ŸÑÿß€åÿß €Å€í€î €ÅŸÖ ÿ≠ÿßÿ∂ÿ± €Å€å⁄∫€î €ÅŸÖ ÿ≠ÿßÿ∂ÿ± €Å€å⁄∫ÿå ÿπŸÖÿ±ÿßŸÜ ÿÆÿßŸÜ €ÅŸÖ ÿ≠ÿßÿ∂ÿ± €Å€å⁄∫€î  ÿßÿ≥ ÿØŸÜ ŸæŸàÿ±€í Ÿæÿß⁄©ÿ≥ÿ™ÿßŸÜ ⁄©ÿß ŸÜŸàÿ¨ŸàÿßŸÜ ÿßÿ≥ŸÑÿßŸÖ ÿ¢ÿ®‚Ä¶,1507392633043394564
153,"RT @BOLNETWORK: PM Imran Khan D Chowk Jalsa Warning | No Confidence Motion Against PTI | Aaj Ki Taaza Khabar
https://t.co/JWrCJ15FYl",1507392631193673745
154,"RT @agentjay2009: Mini tour of Parade Ground Islamabad two days before the Jalsa, featuring media interactions of party leaders like @Asad_‚Ä¶",1507392630401167362
155,RT @siasatpk: PM Khan pulls off another MASSIVE Jalsa in Mansehra. https://t.co/akIBE5vsjd,1507392603137851400
156,"RT @DrAliahaider: Equal distribution of weAlth 

#awamiraj jalsa happening on 27th march at nasir bagh 

#awamiraj #HKMNasirBaghJalsa",1507392590496346117
157,RT @MaddyWithKhan: What a massive charged crowd in PTI's Mansehra Jalsa. üëå,1507392588181127169
158,"RT @PTIPoliticsss: Another local Jalsa in Swat!
MPA Dr Amjad and PTI candidate Tehsil Barikot Kashif Ali addressed a huge local jalsa! http‚Ä¶",1507392582036381707
159,"On our way to Islamabad. #27th Jalsa #AmarBilmaroof 
#BehindYouSkipper 
With Judge Rtd Rana Zaki Head of SCAD Sindh https://t.co/ljvMmzq7hx",1507392508136935428
160,"RT @TabbySpence8: Incredible energy in Chungi, where families are struggling from lack of basic facilities.

All mobilizing for #AwamiRaj j‚Ä¶",1507392507663032355
161,RT @siasatpk: PM Khan pulls off another MASSIVE Jalsa in Mansehra. https://t.co/akIBE5vsjd,1507392498599141376
162,"RT @PTIofficial: Amar Bil Maroof!!
Thematic Anthem for PTI‚Äôs Jalsa on 27 March at Parade Avenue in Islamabad!  
#AmarBilMaroof @TheShahzadN‚Ä¶",1507392497164689421
163,"RT @ShakirFareed12: PTI Govt is using NATCO (Govt of Gilgit Baltistan buses) for #PTI Jalsa in Islamabad on 27th March.
#NATCO was establis‚Ä¶",1507392428638093314
164,"RT @agentjay2009: Mini tour of Parade Ground Islamabad two days before the Jalsa, featuring media interactions of party leaders like @Asad_‚Ä¶",1507392426125709316
165,"RT @agentjay2009: Mini tour of Parade Ground Islamabad two days before the Jalsa, featuring media interactions of party leaders like @Asad_‚Ä¶",1507392386124718084
166,@ICT_Police @PTVNewsOfficial @ShkhRasheed @ahsanpsp @RaiMazharPSP @RadioPakistan What a bout PDM jalsa,1507392381921992733
167,"RT @agentjay2009: Mini tour of Parade Ground Islamabad two days before the Jalsa, featuring media interactions of party leaders like @Asad_‚Ä¶",1507392345288884224
168,"RT @agentjay2009: Mini tour of Parade Ground Islamabad two days before the Jalsa, featuring media interactions of party leaders like @Asad_‚Ä¶",1507392304440614948
169,"RT @agentjay2009: Mini tour of Parade Ground Islamabad two days before the Jalsa, featuring media interactions of party leaders like @Asad_‚Ä¶",1507392299654778886
170,RT @siasatpk: PM Khan pulls off another MASSIVE Jalsa in Mansehra. https://t.co/akIBE5vsjd,1507392292306534400
171,"RT @agentjay2009: Mini tour of Parade Ground Islamabad two days before the Jalsa, featuring media interactions of party leaders like @Asad_‚Ä¶",1507392291190812672
172,"RT @hina98_hina: Stand for Pakistan 
Stand with Imran Khan
Jalsa 27 march parade ground
#27MARCHat3PM
#€å€Å_ÿ®ÿßÿ≤€å_ÿÆÿßŸÜ_€Å€å_ÿ¨€åÿ™€í⁄Øÿß https://t.co/y‚Ä¶",1507392273297854465
173,"RT @PTIPoliticsss: MPA Muhibullah Khan, Ex Opposition leader Swat Ahmed Khan and PTI candidate Tehsil Matta Swat Abdullah Khan are addressi‚Ä¶",1507392271557267469
174,RT @siasatpk: PM Khan pulls off another MASSIVE Jalsa in Mansehra. https://t.co/akIBE5vsjd,1507392265735577624
175,"RT @PTIPoliticsss: Another local Jalsa in Swat!
MPA Dr Amjad and PTI candidate Tehsil Barikot Kashif Ali addressed a huge local jalsa! http‚Ä¶",1507392247498739718
176,"Minister of State I&amp;B @FarrukhHabibISF addressing a Jalsa in Faisalabad
Today, the people of Faisalabad attended the Jalsa in large numbers and said that we all stand with Imran Khan
The people of Faisalabad expressed confidence in @ImranKhanPTI
#€å€Å_ÿ®ÿßÿ≤€å_ÿÆÿßŸÜ_€Å€å_ÿ¨€åÿ™€í⁄Øÿß https://t.co/PctSZmp7BF",1507392237658906654
177,A very large number of retired officers of the military and their families shall be attending the Jalsa on Sunday. Imran Khan is overwhelmingly popular within the rank and file of all three services.,1507392227110182917
178,"RT @PTIPoliticsss: MPA Muhibullah Khan, Ex Opposition leader Swat Ahmed Khan and PTI candidate Tehsil Matta Swat Abdullah Khan are addressi‚Ä¶",1507392224820187136
179,RT @siasatpk: PM Khan pulls off another MASSIVE Jalsa in Mansehra. https://t.co/akIBE5vsjd,1507392186769358855
180,"RT @FarhatullahB: Opposition should seriously rethink plans to hold jalsa in Islamabad on 27th.
@ImranKhanPTI is on the run anyway.
Deny hi‚Ä¶",1507392141265412139
181,@sk__jalsa Happy for you Anna,1507392129647009794
182,"Watched Jalsa a couple of days back, loved the movie premise and the way story unravels. Makes you think what would you do if you were the main protagonist, keeps you hooked and questions your morals. Depicts how privilege makes you take people for granted and fades your empathy https://t.co/TJalylmTQj",1507392112811298818
183,RT @agentjay2009: Message from Federal Minister &amp; PTI General Secretary @Asad_Umar for #27MARCHat3PM Parade Ground Islamabad Jalsa! Extreme‚Ä¶,1507392071270866959
184,"RT @AnsabAliPK: Inshallah, #DGKhanHaqKeSath - will heed to call for  @ImranKhanPTI @PTIofficial and is ready for 27th March Jalsa, the bigg‚Ä¶",1507392058117529643
185,"Route Plan for #ÿßŸÖÿ±ÿ®ÿßŸÑŸÖÿπÿ±ŸàŸÅ jalsa 

Save and share ahead specially with those who are travelling today and tomorrow! https://t.co/46QNwyWsUN",1507392008427610147
186,RT @PTIPoliticsss: Roads leading to today's Mansehra Jalsa! https://t.co/rD1wEZjgTi,1507392007555239936
187,RT @siasatpk: PM Khan pulls off another MASSIVE Jalsa in Mansehra. https://t.co/akIBE5vsjd,1507391984339755014
188,@MediaCellPPP @BBhuttoZardari Bilawal shld not do a jalsa on 26 especially that far,1507391972931215366
189,RT @siasatpk: PM Khan pulls off another MASSIVE Jalsa in Mansehra. https://t.co/akIBE5vsjd,1507391971400118277
190,"RT @hina98_hina: Stand for Pakistan 
Stand with Imran Khan
Jalsa 27 march parade ground
#27MARCHat3PM
#€å€Å_ÿ®ÿßÿ≤€å_ÿÆÿßŸÜ_€Å€å_ÿ¨€åÿ™€í⁄Øÿß https://t.co/y‚Ä¶",1507391960847323138
191,"Mini tour of Parade Ground Islamabad two days before the Jalsa, featuring media interactions of party leaders like @Asad_Umar who shared that this space might not be enough for the ""Qaflas"" coming from all over Pakistan. I totally agree, it's gonna be epic! #€å€Å_ÿ®ÿßÿ≤€å_ÿÆÿßŸÜ_€Å€å_ÿ¨€åÿ™€í⁄Øÿß https://t.co/1O2Nb0Or5K",1507391950554492932
192,"PM Imran Khan D Chowk Jalsa Warning | No Confidence Motion Against PTI | Aaj Ki Taaza Khabar
https://t.co/JWrCJ15FYl",1507391949438959621
193,RT @PTIPoliticsss: Huge crowd in Mansehra Jalsa! https://t.co/g1GfgcEbPD,1507391948885274627
194,RT @PTIPoliticsss: PTI Rally in Sheikhupura City to mobilze workers for 27th March Jalsa! https://t.co/gYUAXvd96i,1507391919718121473
195,RT @Haqooq_e_Khalq: Diagnostic testing in Chungi Amar Sadhu by @Nosheen_Z &amp; her team show extremely high prevalence of hepatitis C. @DrAlia‚Ä¶,1507391918786990081
196,"Here's what @ShefaliShah_ reveals about similarities she has with her character in #Jalsa 

Click to read more.

@PrimeVideoIN

#bollywood #bollywoodcelebrity  #OTT #Tellychakkar

https://t.co/qRBGiiumzp",1507391918162219012
197,RT @siasatpk: PM Khan pulls off another MASSIVE Jalsa in Mansehra. https://t.co/akIBE5vsjd,1507391849979387923
198,"RT @zeeshankhandir: You are our admissible PM Khan, Pakistan Needs you, Whatever happens We will stick by you,  27th March Jalsa. 
#NoConfi‚Ä¶",1507391808577445891
199,RT @siasatpk: PM Khan pulls off another MASSIVE Jalsa in Mansehra. https://t.co/akIBE5vsjd,1507391799593213962
200,RT @siasatpk: PM Khan pulls off another MASSIVE Jalsa in Mansehra. https://t.co/akIBE5vsjd,1507391794287362056
201,RT @siasatpk: PM Khan pulls off another MASSIVE Jalsa in Mansehra. https://t.co/akIBE5vsjd,1507391764289945604
202,"Khan in Jalsa: ‚ÄúTeen Chohay mujh say NRO mang Rahien hien Jaisay PERVAIZ Musharaf Nay inko Diya Tha‚Äù
Now Look at Picture of this Host,Musharraf could be patriotic though Not a wise Person in Pakistan‚Äôs Interest. Shouldn‚Äôt follow him!@PTIofficial @MaleehaHashmey @javerias @2Kazmi https://t.co/q1rkc2HamH",1507391760695238690
203,"RT @ZakiaJalil7: On the other news, my chacha from KPK is attending Islamabad jalsa as provincial govt paid him 6k for it.
Saaf chali, shaf‚Ä¶",1507391748888305666
204,"RT @haasgod: Arjun Kukatpally 3 tickets available for today's 6:30 show available
@OnlyFrPSPk
 
@maheshtweetzz
@kasyap__7396 
@sk__jalsa‚Ä¶",1507391735638290432
205,RT @heysaathiya: literally everyone and their mom liking and talking about #jalsa pls dont make it sound like vidya and shefali are two und‚Ä¶,1507391714885050385
206,RT @siasatpk: PM Khan pulls off another MASSIVE Jalsa in Mansehra. https://t.co/akIBE5vsjd,1507391663555158034
207,RT @siasatpk: PM Khan pulls off another MASSIVE Jalsa in Mansehra. https://t.co/akIBE5vsjd,1507391663316082691
208,RT @KhurumSherZaman: Another dabangg speech by PM @ImranKahPTI at Manshera jalsa. Just a bit of a warmup for the big power show on Sunday a‚Ä¶,1507391635570802692
209,RT @siasatpk: PM Khan pulls off another MASSIVE Jalsa in Mansehra. https://t.co/akIBE5vsjd,1507391622551642151
210,"@MeFixerr See u n jalsa lala...‚ù§

#BehindYouSkipper",1507391621599481868
211,"RT @abplivenews: Ideas Of India: Ishqiya, Dirty Picture Or Jalsa ‚Äî Vidya Balan Says What It Takes To Get A ‚ÄòScreen Of Her Own‚Äô

@vidya_bala‚Ä¶",1507391509397708801
212,"RT @FarhatullahB: Opposition should seriously rethink plans to hold jalsa in Islamabad on 27th.
@ImranKhanPTI is on the run anyway.
Deny hi‚Ä¶",1507391488358948879
213,@momynah Aap nahi gayi jalsa me?,1507391454351663125
214,"RT @zeeshankhandir: You are our admissible PM Khan, Pakistan Needs you, Whatever happens We will stick by you,  27th March Jalsa. 
#NoConfi‚Ä¶",1507391442209153041
215,RT @siasatpk: PM Khan pulls off another MASSIVE Jalsa in Mansehra. https://t.co/akIBE5vsjd,1507391440053284865
216,RT @PTIPoliticsss: Roads leading to today's Mansehra Jalsa! https://t.co/rD1wEZjgTi,1507391427172573184
217,"For March 27 Islamabad Jalsa.A consultation meeting was held under the chairmanship of Sajjad Khattak Tehsil TN karakMayor€î
A large number of party workers from all over the tehsil participated.
Inshallah,this is going to be the biggest Jalsa in the history of Pak.
@PTIofficial https://t.co/1qeBondLLH",1507391394578636814
218,literally everyone and their mom liking and talking about #jalsa pls dont make it sound like vidya and shefali are two underrated actors starring in an underrated movie i will literally scream,1507391375632855045
219,RT @PTIPoliticsss: Roads leading to today's Mansehra Jalsa! https://t.co/rD1wEZjgTi,1507391372969533441
220,RT @PTIPoliticsss: Roads leading to today's Mansehra Jalsa! https://t.co/rD1wEZjgTi,1507391362693488646
221,"RT @PTIPoliticsss: Another local Jalsa in Swat!
MPA Dr Amjad and PTI candidate Tehsil Barikot Kashif Ali addressed a huge local jalsa! http‚Ä¶",1507391342112088103
222,"RT @bOYBhaYankar: If you still haven't watched Jalsa yet? Honestly, what are you waiting for? Really the best suspenseful movie I've seen i‚Ä¶",1507391330149810180
223,"Arjun Kukatpally 3 tickets available for today's 6:30 show available
@OnlyFrPSPk
 
@maheshtweetzz
@kasyap__7396 
@sk__jalsa 
 @arunkalyan5 
@guptanagu8
 if needed dm",1507391315981783041
224,RT @PTIPoliticsss: Roads leading to today's Mansehra Jalsa! https://t.co/rD1wEZjgTi,1507391273455566848
225,Also Teesri Dhun at 7:30 PM by Olomopolo which has an ensemble cast ‚ù§Ô∏è I plan on going to the jalsa first as well so see y'all there ... https://t.co/4v66pqkXy4,1507391257374384131
226,"RT @PTIPoliticsss: MNA Malik Anwar Taj, MPA Arif Ahmedzai and MPA Sultan Muhammad addressed local jalsa to mobilize worker for 27th March J‚Ä¶",1507391256346906631
227,RT @PTIPoliticsss: Roads leading to today's Mansehra Jalsa! https://t.co/rD1wEZjgTi,1507391243973763083
228,RT @siasatpk: PM Khan pulls off another MASSIVE Jalsa in Mansehra. https://t.co/akIBE5vsjd,1507391164428820488
229,"RT @MirSohrab: PTI Govt is using NATCO (Govt of Gilgit Baltistan buses) for #PTI Jalsa in Islamabad on 27th March.
#NATCO was established b‚Ä¶",1507391125396627458
230,"RT @TabbySpence8: Incredible energy in Chungi, where families are struggling from lack of basic facilities.

All mobilizing for #AwamiRaj j‚Ä¶",1507391100184633373
231,"#€å€Å_ÿ®ÿßÿ≤€å_ÿÆÿßŸÜ_€Å€å_ÿ¨€åÿ™€í⁄Øÿß
Mansehra Jalsa 
25th March 2022
 since:2022-03-25_04:10:31_UTC https://t.co/MM0R82GPTX",1507391094350389251
232,RT @siasatpk: PM Khan pulls off another MASSIVE Jalsa in Mansehra. https://t.co/akIBE5vsjd,1507390995675365376
233,RT @siasatpk: PM Khan pulls off another MASSIVE Jalsa in Mansehra. https://t.co/akIBE5vsjd,1507390995549335552
234,"Students of education university have assured us their full support for the Jalsa. Onwards towards victory.
#AwamiRaj 
#HKMNasirBaghJalsa",1507390929556099073
235,RT @PTIPoliticsss: Roads leading to today's Mansehra Jalsa! https://t.co/rD1wEZjgTi,1507390909020839973
236,"RT @MirSohrab: PTI Govt is using NATCO (Govt of Gilgit Baltistan buses) for #PTI Jalsa in Islamabad on 27th March.
#NATCO was established b‚Ä¶",1507390906923552769
237,RT @PTIPoliticsss: Huge crowd in Mansehra Jalsa! https://t.co/g1GfgcEbPD,1507390884504956930
238,RT @PTIPoliticsss: Roads leading to today's Mansehra Jalsa! https://t.co/rD1wEZjgTi,1507390876271714334
239,RT @siasatpk: PM Khan pulls off another MASSIVE Jalsa in Mansehra. https://t.co/akIBE5vsjd,1507390844608860167
240,"RT @FarhatullahB: Opposition should seriously rethink plans to hold jalsa in Islamabad on 27th.
@ImranKhanPTI is on the run anyway.
Deny hi‚Ä¶",1507390830964842529
241,RT @PTIPoliticsss: Roads leading to today's Mansehra Jalsa! https://t.co/rD1wEZjgTi,1507390827496198149
242,"RT @PTIPoliticsss: MPA Muhibullah Khan, Ex Opposition leader Swat Ahmed Khan and PTI candidate Tehsil Matta Swat Abdullah Khan are addressi‚Ä¶",1507390810882514958
243,"@KILAMDASA410 @ImranKhanPTI Agreed
Aleem khan
Jahangir khan tareen in sb ko jalsa ma dawat den khan sb",1507390784785424385
244,"RT @ZakiaJalil7: On the other news, my chacha from KPK is attending Islamabad jalsa as provincial govt paid him 6k for it.
Saaf chali, shaf‚Ä¶",1507390769182687234
245,RT @MaddyWithKhan: What a massive charged crowd in PTI's Mansehra Jalsa. üëå,1507390748890701838
246,Watched Jalsa.. story was average but the performance was phenomenal.. especially @ShefaliShah_ and then @vidya_balan..,1507390745950375939
247,RT @PTIPoliticsss: PTI Rally in Sheikhupura City to mobilze workers for 27th March Jalsa! https://t.co/gYUAXvd96i,1507390684734623755
248,RT @MaddyWithKhan: What a massive charged crowd in PTI's Mansehra Jalsa. üëå,1507390656049782814
249,RT @siasatpk: PM Khan pulls off another MASSIVE Jalsa in Mansehra. https://t.co/akIBE5vsjd,1507390584473980935
250,"IF THESE SHRULL RIGHT FROM START AS PER AGREEMENT WITH PTI SHOULD HAVE ANNOUNCED WE ARE WITH GOVERNMENT THEN NOTHING. INSTEAD THEY PUT EVERYTHING FOR SALE LAKH DEE LANAAT. BEST IS IK SHOULD KEEP ON JALSA&amp; 
GO FOR ELECTION OR BETTER INQALAB.IA HE WILL COME FULL POWER.MURSHID LOV U",1507390563473108993
251,"RT @FarhatullahB: Opposition should seriously rethink plans to hold jalsa in Islamabad on 27th.
@ImranKhanPTI is on the run anyway.
Deny hi‚Ä¶",1507390557081030660
252,RT @siasatpk: PM Khan pulls off another MASSIVE Jalsa in Mansehra. https://t.co/akIBE5vsjd,1507390525636284417
253,RT @AzizAhmadoffic2: @AmbreenPTI1 Today at Mansehra jalsa gahüí™ https://t.co/zIrbs9ysO1,1507390515100413954
254,"502 Gujjar House is honoured by presence of great leaders of youth .
Ready to join 27th Jalsa .Hosted by Naveed Iftikhar Ch .
@Asad_Umar @Shafqat_Mahmood @RajaYassirPTI @EngrIftikharCh2 @ZahidKazmiPTI @hansbadvi @EjazChaudhary https://t.co/bwoHzyuoDG",1507390509937008655
255,RT @siasatpk: PM Khan pulls off another MASSIVE Jalsa in Mansehra. https://t.co/akIBE5vsjd,1507390488957317127
256,"RT @PTIPoliticsss: MNA Malik Anwar Taj, MPA Arif Ahmedzai and MPA Sultan Muhammad addressed local jalsa to mobilize worker for 27th March J‚Ä¶",1507390479733825537
257,RT @PTIPoliticsss: Roads leading to today's Mansehra Jalsa! https://t.co/rD1wEZjgTi,1507390461341806593
258,RT @PTIPoliticsss: PTI Rally in Sheikhupura City to mobilze workers for 27th March Jalsa! https://t.co/gYUAXvd96i,1507390430790488070
259,"RT @ShakirFareed12: PTI Govt is using NATCO (Govt of Gilgit Baltistan buses) for #PTI Jalsa in Islamabad on 27th March.
#NATCO was establis‚Ä¶",1507390386783760386
260,RT @siasatpk: PM Khan pulls off another MASSIVE Jalsa in Mansehra. https://t.co/akIBE5vsjd,1507390371806183425
261,RT @siasatpk: PM Khan pulls off another MASSIVE Jalsa in Mansehra. https://t.co/akIBE5vsjd,1507390367070515200
262,RT @PTIPoliticsss: Roads leading to today's Mansehra Jalsa! https://t.co/rD1wEZjgTi,1507390251655999489
263,RT @theahmedyusuf: PAF should do a viper flypast over the jalsa on the 27th.,1507390224292323370
264,"RT @ShakirFareed12: PTI Govt is using NATCO (Govt of Gilgit Baltistan buses) for #PTI Jalsa in Islamabad on 27th March.
#NATCO was establis‚Ä¶",1507390222476189696
265,"RT @FarhatullahB: Opposition should seriously rethink plans to hold jalsa in Islamabad on 27th.
@ImranKhanPTI is on the run anyway.
Deny hi‚Ä¶",1507390092385689600
266,"RT @zeeshankhandir: You are our admissible PM Khan, Pakistan Needs you, Whatever happens We will stick by you,  27th March Jalsa. 
#NoConfi‚Ä¶",1507389942888079386
267,RT @PTIPoliticsss: Huge crowd in Mansehra Jalsa! https://t.co/g1GfgcEbPD,1507389891520471051
268,RT @PTIPoliticsss: Roads leading to today's Mansehra Jalsa! https://t.co/rD1wEZjgTi,1507389873048723467
269,"Incredible energy in Chungi, where families are struggling from lack of basic facilities.

All mobilizing for #AwamiRaj jalsa 

#HKMNasirBaghJalsa https://t.co/MewnbrLUUk",1507389871387684866
270,"RT @PTIPoliticsss: MNA Malik Anwar Taj, MPA Arif Ahmedzai and MPA Sultan Muhammad addressed local jalsa to mobilize worker for 27th March J‚Ä¶",1507389818635968521
271,RT @PTIPoliticsss: Roads leading to today's Mansehra Jalsa! https://t.co/rD1wEZjgTi,1507389798633385986
272,RT @AnilMuhmmad: @Hammad_Azhar pora lhr sa parso pti ka jalsa mai 500band bhi nahe ho ga,1507389792673484807
273,"RT @PTIPoliticsss: MNA Malik Anwar Taj, MPA Arif Ahmedzai and MPA Sultan Muhammad addressed local jalsa to mobilize worker for 27th March J‚Ä¶",1507389741347577858
274,@Phool_4 Preps for jalsa,1507389731461804033
275,"RT @FarhatullahB: Opposition should seriously rethink plans to hold jalsa in Islamabad on 27th.
@ImranKhanPTI is on the run anyway.
Deny hi‚Ä¶",1507389721483350016
276,RT @PTIPoliticsss: Roads leading to today's Mansehra Jalsa! https://t.co/rD1wEZjgTi,1507389710401949697
277,"RT @PTIPoliticsss: Another local Jalsa in Swat!
MPA Dr Amjad and PTI candidate Tehsil Barikot Kashif Ali addressed a huge local jalsa! http‚Ä¶",1507389645566451751
278,RT @MaddyWithKhan: What a massive charged crowd in PTI's Mansehra Jalsa. üëå,1507389638557720580
279,RT @siasatpk: PM Khan pulls off another MASSIVE Jalsa in Mansehra. https://t.co/akIBE5vsjd,1507389621562396673
280,RT @PTIPoliticsss: Local Jalsa Tehsil Matta Swat! https://t.co/buME5bcqTy,1507389599475191814
281,"RT @PTIPoliticsss: Another local Jalsa in Swat!
MPA Dr Amjad and PTI candidate Tehsil Barikot Kashif Ali addressed a huge local jalsa! http‚Ä¶",1507389590927253512
282,RT @PTIPoliticsss: Roads leading to today's Mansehra Jalsa! https://t.co/rD1wEZjgTi,1507389580378578951
283,@Hammad_Azhar pora lhr sa parso pti ka jalsa mai 500band bhi nahe ho ga,1507389578336141312
284,RT @siasatpk: PM Khan pulls off another MASSIVE Jalsa in Mansehra. https://t.co/akIBE5vsjd,1507389552670949379
285,RT @PTIPoliticsss: Roads leading to today's Mansehra Jalsa! https://t.co/rD1wEZjgTi,1507389498254106657
286,"Badly wanna attend the 27th Jalsa but my back is not allowing me to do that.

@JahangirKTareen Can you please lend me your chopper for a day or two. Kabi aao hamarai tai...",1507389488074481673
287,RT @PTIPoliticsss: Roads leading to today's Mansehra Jalsa! https://t.co/rD1wEZjgTi,1507389461809844228
288,RT @PTIPoliticsss: Roads leading to today's Mansehra Jalsa! https://t.co/rD1wEZjgTi,1507389445884026894
289,"@BRaveAltaf Accha toh fir aaj hi dekhta hu.... 
Jalsa download ki thi tele pai par voh channel delete hogaya hai",1507389420026368000
290,RT @PTIPoliticsss: Roads leading to today's Mansehra Jalsa! https://t.co/rD1wEZjgTi,1507389408357814275
291,RT @MaddyWithKhan: What a massive charged crowd in PTI's Mansehra Jalsa. üëå,1507389369753214986
292,RT @KhurumSherZaman: Another dabangg speech by PM @ImranKahPTI at Manshera jalsa. Just a bit of a warmup for the big power show on Sunday a‚Ä¶,1507389366762721288
293,RT @PTIPoliticsss: Roads leading to today's Mansehra Jalsa! https://t.co/rD1wEZjgTi,1507389287452581894
294,RT @PTIPoliticsss: Roads leading to today's Mansehra Jalsa! https://t.co/rD1wEZjgTi,1507389275175895049
295,RT @PTIPoliticsss: Roads leading to today's Mansehra Jalsa! https://t.co/rD1wEZjgTi,1507389264350392320
296,RT @PTIPoliticsss: Roads leading to today's Mansehra Jalsa! https://t.co/rD1wEZjgTi,1507389249884241925
297,RT @siasatpk: PM Khan pulls off another MASSIVE Jalsa in Mansehra. https://t.co/akIBE5vsjd,1507389247677943809
298,"#Jalsa is good but snail pace narration makes it average. Great performance from #VidyaBalan, #ShefaliShah and everyone else. Suspense factor works. 
#AmazonPrime 
#Hindi
#JalsaOnPrime",1507389243815075847
299,RT @siasatpk: PM Khan pulls off another MASSIVE Jalsa in Mansehra. https://t.co/akIBE5vsjd,1507389224298987526
0,"RT @PTIofficial: We've been covering PTI on Social Media for about 15 years, which included Lahore Jalsa of 2011, GE2013, Dharna &amp; GE2018.‚Ä¶",1513094623148843011
1,"RT @PTIofficial: We've been covering PTI on Social Media for about 15 years, which included Lahore Jalsa of 2011, GE2013, Dharna &amp; GE2018.‚Ä¶",1513094476687806464
2,"RT @PTIofficial: We've been covering PTI on Social Media for about 15 years, which included Lahore Jalsa of 2011, GE2013, Dharna &amp; GE2018.‚Ä¶",1513094424259330053
3,"RT @PTIofficial: We've been covering PTI on Social Media for about 15 years, which included Lahore Jalsa of 2011, GE2013, Dharna &amp; GE2018.‚Ä¶",1513094403178512385
4,@AajKamranKhan Aj ki strike call ma pata chal jye ga Ik ka kitne log ate ha iske jalsa ma. Jab cruption samne aye gi awam k tu sub pata chal jye ga IK ki youth ko thora sabar kren,1513094325235859460
5,"RT @PTIofficial: We've been covering PTI on Social Media for about 15 years, which included Lahore Jalsa of 2011, GE2013, Dharna &amp; GE2018.‚Ä¶",1513094210454700034
6,"RT @PTIofficial: We've been covering PTI on Social Media for about 15 years, which included Lahore Jalsa of 2011, GE2013, Dharna &amp; GE2018.‚Ä¶",1513094167626457091
7,"RT @PTIofficial: We've been covering PTI on Social Media for about 15 years, which included Lahore Jalsa of 2011, GE2013, Dharna &amp; GE2018.‚Ä¶",1513094165751808000
8,Jalsa aur protest krwa lo jitna marzi kam eik taka ka nae...phr Rona aa jayte han...üò°,1513094103755546628
9,"RT @PTIofficial: We've been covering PTI on Social Media for about 15 years, which included Lahore Jalsa of 2011, GE2013, Dharna &amp; GE2018.‚Ä¶",1513093969210535937
10,"RT @PTIofficial: We've been covering PTI on Social Media for about 15 years, which included Lahore Jalsa of 2011, GE2013, Dharna &amp; GE2018.‚Ä¶",1513093926584033283
11,"RT @PTIofficial: We've been covering PTI on Social Media for about 15 years, which included Lahore Jalsa of 2011, GE2013, Dharna &amp; GE2018.‚Ä¶",1513093779326181385
12,"RT @PTIofficial: We've been covering PTI on Social Media for about 15 years, which included Lahore Jalsa of 2011, GE2013, Dharna &amp; GE2018.‚Ä¶",1513093774087528449
13,"RT @PTIofficial: We've been covering PTI on Social Media for about 15 years, which included Lahore Jalsa of 2011, GE2013, Dharna &amp; GE2018.‚Ä¶",1513093750142160898
14,"RT @PTIofficial: We've been covering PTI on Social Media for about 15 years, which included Lahore Jalsa of 2011, GE2013, Dharna &amp; GE2018.‚Ä¶",1513093711714189320
15,"RT @PTIofficial: We've been covering PTI on Social Media for about 15 years, which included Lahore Jalsa of 2011, GE2013, Dharna &amp; GE2018.‚Ä¶",1513093693661753345
16,"RT @PTIofficial: We've been covering PTI on Social Media for about 15 years, which included Lahore Jalsa of 2011, GE2013, Dharna &amp; GE2018.‚Ä¶",1513093602473398272
17,"RT @PTIofficial: We've been covering PTI on Social Media for about 15 years, which included Lahore Jalsa of 2011, GE2013, Dharna &amp; GE2018.‚Ä¶",1513093493534740482
18,"RT @PTIofficial: We've been covering PTI on Social Media for about 15 years, which included Lahore Jalsa of 2011, GE2013, Dharna &amp; GE2018.‚Ä¶",1513093418553155590
19,"RT @PTIofficial: We've been covering PTI on Social Media for about 15 years, which included Lahore Jalsa of 2011, GE2013, Dharna &amp; GE2018.‚Ä¶",1513093415138959360
20,"RT @PTIofficial: We've been covering PTI on Social Media for about 15 years, which included Lahore Jalsa of 2011, GE2013, Dharna &amp; GE2018.‚Ä¶",1513093351146500096
21,"RT @PTIofficial: We've been covering PTI on Social Media for about 15 years, which included Lahore Jalsa of 2011, GE2013, Dharna &amp; GE2018.‚Ä¶",1513093314307895299
22,"RT @PTIofficial: We've been covering PTI on Social Media for about 15 years, which included Lahore Jalsa of 2011, GE2013, Dharna &amp; GE2018.‚Ä¶",1513093283467210757
23,"RT @PakistaniMujah9: We've been covering PTI on Social Media for about 15 years, which included Lahore Jalsa of 2011, GE2013, Dharna &amp; GE20‚Ä¶",1513093241561923585
24,"RT @PTIofficial: We've been covering PTI on Social Media for about 15 years, which included Lahore Jalsa of 2011, GE2013, Dharna &amp; GE2018.‚Ä¶",1513093165582016513
25,What about when the same campaign was running against them a year before. Where were you when they were criticized by their names in Gujaranwala and Quetta jalsa's. Wasn't that the dirtiest campaign against the then sitting DGISI and Army Chief. Hypocrisy https://t.co/hy7pjwz2f5,1513093092374720519
26,"@foji6419297 @Imran1Khaan üò≠üò≠ ŸÜ€Å€å⁄∫ ÿ≤€Åÿ± Ÿæ€å ŸÑŸà⁄∫ ⁄Ø€å €åÿß ÿπŸÖÿ±ÿßŸÜ  ÿÆÿßŸÜ ⁄©Ÿà ŸæŸÑÿß ÿØŸà⁄∫ ⁄Ø€å ⁄©€åŸà⁄∫ ⁄Ø€åÿß ŸÖÿ¨⁄æ€í ÿßÿ≥ ÿ∏ŸÑŸÖ ÿØŸÜ€åÿß ŸÖ€å⁄∫ ⁄Ü⁄æŸà⁄ë ⁄©€íüò≠üò≠
I miss his mujra in JALSA'süò≠",1513092875487121408
27,"RT @PTIofficial: We've been covering PTI on Social Media for about 15 years, which included Lahore Jalsa of 2011, GE2013, Dharna &amp; GE2018.‚Ä¶",1513092723397513218
28,RT @Harishi69: Uncle illathappa pakkathu veetu akka kooda ennama jalsa panran https://t.co/1RSyFA1dDe,1513092650013921283
29,"RT @PTIofficial: We've been covering PTI on Social Media for about 15 years, which included Lahore Jalsa of 2011, GE2013, Dharna &amp; GE2018.‚Ä¶",1513092586952859653
30,"RT @PakistaniMujah9: We've been covering PTI on Social Media for about 15 years, which included Lahore Jalsa of 2011, GE2013, Dharna &amp; GE20‚Ä¶",1513092412280696834
31,"RT @PTIofficial: We've been covering PTI on Social Media for about 15 years, which included Lahore Jalsa of 2011, GE2013, Dharna &amp; GE2018.‚Ä¶",1513092284446908417
32,"RT @GuzaraKaro: @HniaziISF Everybody should come out of their house gate, a very peaceful protest. Everybody will not be able to go for jal‚Ä¶",1513092111004049415
33,"RT @Brainmasalaar: @LahoreMarquez I attended his 2011 jalsa, the barish wala 2013 jalsa, even fundraised for him.",1513091970155282432
34,@TalatHussain12 Gujranwala jalsa.. nihal hashmi.. bughz say bharay judge.. theblist goes on,1513091627090583554
35,"RT @PTIofficial: We've been covering PTI on Social Media for about 15 years, which included Lahore Jalsa of 2011, GE2013, Dharna &amp; GE2018.‚Ä¶",1513091613047746562
36,@sk__jalsa Ikkada srihari nuvvena jalsa vro,1513091597763719168
37,"@HniaziISF Everybody should come out of their house gate, a very peaceful protest. Everybody will not be able to go for jalsa. @ARYSabirShakir @Hammad_Azhar @AsadKharal @MasudAKhan6 #ImranKhan",1513091560212410369
38,"RT @PTIofficial: We've been covering PTI on Social Media for about 15 years, which included Lahore Jalsa of 2011, GE2013, Dharna &amp; GE2018.‚Ä¶",1513091491606024194
39,"RT @PTIofficial: We've been covering PTI on Social Media for about 15 years, which included Lahore Jalsa of 2011, GE2013, Dharna &amp; GE2018.‚Ä¶",1513091487613001731
40,"RT @PTIofficial: We've been covering PTI on Social Media for about 15 years, which included Lahore Jalsa of 2011, GE2013, Dharna &amp; GE2018.‚Ä¶",1513091307048214534
41,"RT @PTIofficial: We've been covering PTI on Social Media for about 15 years, which included Lahore Jalsa of 2011, GE2013, Dharna &amp; GE2018.‚Ä¶",1513091302493143044
42,"RT @PTIofficial: We've been covering PTI on Social Media for about 15 years, which included Lahore Jalsa of 2011, GE2013, Dharna &amp; GE2018.‚Ä¶",1513091246553812993
43,"RT @PTIofficial: We've been covering PTI on Social Media for about 15 years, which included Lahore Jalsa of 2011, GE2013, Dharna &amp; GE2018.‚Ä¶",1513091238123249669
44,"RT @PTIofficial: We've been covering PTI on Social Media for about 15 years, which included Lahore Jalsa of 2011, GE2013, Dharna &amp; GE2018.‚Ä¶",1513091065858961410
45,"RT @PTIofficial: We've been covering PTI on Social Media for about 15 years, which included Lahore Jalsa of 2011, GE2013, Dharna &amp; GE2018.‚Ä¶",1513090868806406157
46,@spcpatel13 Hachu pan aene jalsa che musibat aapne che,1513090828163559427
47,"RT @PTIofficial: We've been covering PTI on Social Media for about 15 years, which included Lahore Jalsa of 2011, GE2013, Dharna &amp; GE2018.‚Ä¶",1513090533803102211
48,"RT @PTIofficial: We've been covering PTI on Social Media for about 15 years, which included Lahore Jalsa of 2011, GE2013, Dharna &amp; GE2018.‚Ä¶",1513090506531622912
49,"RT @PTIofficial: We've been covering PTI on Social Media for about 15 years, which included Lahore Jalsa of 2011, GE2013, Dharna &amp; GE2018.‚Ä¶",1513090446263738370
50,I am big supporter of @ImranKhanPTI  but never went into PTI rally or jalsa but for the first time in@my life I am going out tonite for my mentor IA #ÿßŸÖŸæŸàÿ±Ÿπ⁄à_ÿ≠⁄©ŸàŸÖÿ™_ŸÜÿßŸÖŸÜÿ∏Ÿàÿ±,1513090161592123393
51,"RT @PTIofficial: We've been covering PTI on Social Media for about 15 years, which included Lahore Jalsa of 2011, GE2013, Dharna &amp; GE2018.‚Ä¶",1513090059897131013
52,"RT @PTIofficial: We've been covering PTI on Social Media for about 15 years, which included Lahore Jalsa of 2011, GE2013, Dharna &amp; GE2018.‚Ä¶",1513089870264254467
53,"KAL INKI RAAT THI ,"" AAJ HMARI""

Hey All! Lets go out today for an independent Pakistan.
I have never been to any Jalsa before or any March, but we have to step out for ourselves today.
#BehindYouSkipper 
Opp Millennium Mall at 9:30 pm

copied https://t.co/4C2z5XLnOD",1513089834079997954
54,"RT @PTIofficial: We've been covering PTI on Social Media for about 15 years, which included Lahore Jalsa of 2011, GE2013, Dharna &amp; GE2018.‚Ä¶",1513089802735915010
55,"@sk__jalsa #bollywoodnews #bollywood 
#bollywood HERO

@AlwaysRamCharan https://t.co/HWVEU0msec",1513089773543432202
56,"RT @PTIofficial: We've been covering PTI on Social Media for about 15 years, which included Lahore Jalsa of 2011, GE2013, Dharna &amp; GE2018.‚Ä¶",1513089704337551360
57,"RT @PTIofficial: We've been covering PTI on Social Media for about 15 years, which included Lahore Jalsa of 2011, GE2013, Dharna &amp; GE2018.‚Ä¶",1513089534795616257
58,"RT @PakistaniMujah9: We've been covering PTI on Social Media for about 15 years, which included Lahore Jalsa of 2011, GE2013, Dharna &amp; GE20‚Ä¶",1513089275541307395
59,"RT @PTIofficial: We've been covering PTI on Social Media for about 15 years, which included Lahore Jalsa of 2011, GE2013, Dharna &amp; GE2018.‚Ä¶",1513089111187460096
60,"RT @PTIofficial: We've been covering PTI on Social Media for about 15 years, which included Lahore Jalsa of 2011, GE2013, Dharna &amp; GE2018.‚Ä¶",1513089103876829190
61,"RT @PTIofficial: We've been covering PTI on Social Media for about 15 years, which included Lahore Jalsa of 2011, GE2013, Dharna &amp; GE2018.‚Ä¶",1513088922330480643
62,"RT @sarimrashidgill: Imran Khan should just say two sentences in every jalsa now : 

1. Koi aik bhi idara mairey saath is sazish k against‚Ä¶",1513088779988385796
63,"RT @PTIofficial: We've been covering PTI on Social Media for about 15 years, which included Lahore Jalsa of 2011, GE2013, Dharna &amp; GE2018.‚Ä¶",1513088756282232832
64,"RT @PTIofficial: We've been covering PTI on Social Media for about 15 years, which included Lahore Jalsa of 2011, GE2013, Dharna &amp; GE2018.‚Ä¶",1513088570315186178
65,Jalsa date when,1513088352865730569
66,"RT @PTIofficial: We've been covering PTI on Social Media for about 15 years, which included Lahore Jalsa of 2011, GE2013, Dharna &amp; GE2018.‚Ä¶",1513088170245636097
67,"RT @PTIofficial: We've been covering PTI on Social Media for about 15 years, which included Lahore Jalsa of 2011, GE2013, Dharna &amp; GE2018.‚Ä¶",1513087926296535045
68,"I've never attended a single jalsa/march/rally of any political party in my whole life but count me in for today's peaceful protest at D-Chowk.

#BehindYouSkipperAlways #ImranKhanVsWesternSlaves #ÿßŸÖŸæŸàÿ±Ÿπ⁄à_⁄ØŸàÿ±ŸÖŸÜŸπ_ŸÜÿßŸÖŸÜÿ∏Ÿàÿ±",1513087902481145857
69,"RT @PTIofficial: We've been covering PTI on Social Media for about 15 years, which included Lahore Jalsa of 2011, GE2013, Dharna &amp; GE2018.‚Ä¶",1513087899184599040
70,"RT @PTIofficial: We've been covering PTI on Social Media for about 15 years, which included Lahore Jalsa of 2011, GE2013, Dharna &amp; GE2018.‚Ä¶",1513087894159724550
71,"RT @sarimrashidgill: Imran Khan should just say two sentences in every jalsa now : 

1. Koi aik bhi idara mairey saath is sazish k against‚Ä¶",1513087862937464832
72,@PTIofficial @ImranKhanPTI Rallies after or before jalsa will produce more momentum than just jalsa.,1513087819383812097
73,"RT @PTIofficial: We've been covering PTI on Social Media for about 15 years, which included Lahore Jalsa of 2011, GE2013, Dharna &amp; GE2018.‚Ä¶",1513087771405176833
74,"RT @PTIofficial: We've been covering PTI on Social Media for about 15 years, which included Lahore Jalsa of 2011, GE2013, Dharna &amp; GE2018.‚Ä¶",1513087638659551237
75,"RT @PTIofficial: We've been covering PTI on Social Media for about 15 years, which included Lahore Jalsa of 2011, GE2013, Dharna &amp; GE2018.‚Ä¶",1513087627712659542
76,"RT @PTIofficial: We've been covering PTI on Social Media for about 15 years, which included Lahore Jalsa of 2011, GE2013, Dharna &amp; GE2018.‚Ä¶",1513087578572050434
77,"RT @PTIofficial: We've been covering PTI on Social Media for about 15 years, which included Lahore Jalsa of 2011, GE2013, Dharna &amp; GE2018.‚Ä¶",1513087453669822465
78,"RT @sarimrashidgill: Imran Khan should just say two sentences in every jalsa now : 

1. Koi aik bhi idara mairey saath is sazish k against‚Ä¶",1513087189663551489
79,"RT @PTIofficial: We've been covering PTI on Social Media for about 15 years, which included Lahore Jalsa of 2011, GE2013, Dharna &amp; GE2018.‚Ä¶",1513087185704132613
80,"RT @PTIofficial: We've been covering PTI on Social Media for about 15 years, which included Lahore Jalsa of 2011, GE2013, Dharna &amp; GE2018.‚Ä¶",1513087131639549953
81,"RT @sarimrashidgill: Imran Khan should just say two sentences in every jalsa now : 

1. Koi aik bhi idara mairey saath is sazish k against‚Ä¶",1513087069907791877
82,"RT @PTIofficial: We've been covering PTI on Social Media for about 15 years, which included Lahore Jalsa of 2011, GE2013, Dharna &amp; GE2018.‚Ä¶",1513086918291910660
83,"RT @PTIofficial: We've been covering PTI on Social Media for about 15 years, which included Lahore Jalsa of 2011, GE2013, Dharna &amp; GE2018.‚Ä¶",1513086900734726151
84,"RT @PTIofficial: We've been covering PTI on Social Media for about 15 years, which included Lahore Jalsa of 2011, GE2013, Dharna &amp; GE2018.‚Ä¶",1513086893226971139
85,"RT @PTIofficial: We've been covering PTI on Social Media for about 15 years, which included Lahore Jalsa of 2011, GE2013, Dharna &amp; GE2018.‚Ä¶",1513086891544961026
86,"RT @PTIofficial: We've been covering PTI on Social Media for about 15 years, which included Lahore Jalsa of 2011, GE2013, Dharna &amp; GE2018.‚Ä¶",1513086880904286211
87,"RT @PTIofficial: We've been covering PTI on Social Media for about 15 years, which included Lahore Jalsa of 2011, GE2013, Dharna &amp; GE2018.‚Ä¶",1513086865536126983
88,RT @ChNaveedHafeezK: @BrigAshfaqHasan Sir they(11 parties alliance) were right. They know army more than all of us....this is why they were‚Ä¶,1513086858707804161
89,"RT @PTIofficial: We've been covering PTI on Social Media for about 15 years, which included Lahore Jalsa of 2011, GE2013, Dharna &amp; GE2018.‚Ä¶",1513086686468755462
90,@Harish_Jalsa https://t.co/5sMuYbG9kt,1513086663555416070
91,"RT @sarimrashidgill: Imran Khan should just say two sentences in every jalsa now : 

1. Koi aik bhi idara mairey saath is sazish k against‚Ä¶",1513086663018389515
92,"RT @PTIofficial: We've been covering PTI on Social Media for about 15 years, which included Lahore Jalsa of 2011, GE2013, Dharna &amp; GE2018.‚Ä¶",1513086600745562115
93,"RT @PTIofficial: We've been covering PTI on Social Media for about 15 years, which included Lahore Jalsa of 2011, GE2013, Dharna &amp; GE2018.‚Ä¶",1513086565693726723
94,"RT @PakistaniMujah9: We've been covering PTI on Social Media for about 15 years, which included Lahore Jalsa of 2011, GE2013, Dharna &amp; GE20‚Ä¶",1513086561684004865
95,I still remember the 2011 Jalsa like it was yesterday. #BehindYouSkipperAlways,1513086487017013253
96,"RT @sarimrashidgill: Imran Khan should just say two sentences in every jalsa now : 

1. Koi aik bhi idara mairey saath is sazish k against‚Ä¶",1513086361309491203
97,"RT @PTIofficial: We've been covering PTI on Social Media for about 15 years, which included Lahore Jalsa of 2011, GE2013, Dharna &amp; GE2018.‚Ä¶",1513086270766989318
98,"RT @PTIofficial: We've been covering PTI on Social Media for about 15 years, which included Lahore Jalsa of 2011, GE2013, Dharna &amp; GE2018.‚Ä¶",1513086176382849024
99,"#ÿßŸÖŸæŸàÿ±Ÿπ⁄à_ÿ≠⁄©ŸàŸÖÿ™_ŸÜÿßŸÖŸÜÿ∏Ÿàÿ±
.
.
There are some idiots who are saying that Khan Didn't played till the last ball but those are the ones who were expecting that Khan will announce his resignation in 27 March Jalsa, in the address to the nation...
.
.
#ImranKhan
#BehindYouSkipperAlways",1513086079523442693
100,"RT @PTIofficial: We've been covering PTI on Social Media for about 15 years, which included Lahore Jalsa of 2011, GE2013, Dharna &amp; GE2018.‚Ä¶",1513086070547787779
101,"RT @PTIofficial: We've been covering PTI on Social Media for about 15 years, which included Lahore Jalsa of 2011, GE2013, Dharna &amp; GE2018.‚Ä¶",1513086024968294401
102,"RT @PTIofficial: We've been covering PTI on Social Media for about 15 years, which included Lahore Jalsa of 2011, GE2013, Dharna &amp; GE2018.‚Ä¶",1513085985789251585
103,"RT @SingleMan122: Jalsa Is The First Telugu Film To Collect 50 Lakhs Share In RTC X ROADS üî•üí•

Ustaad #Pawankalyan Record's üí• https://t.co/x‚Ä¶",1513085963416702978
104,"RT @sarimrashidgill: Imran Khan should just say two sentences in every jalsa now : 

1. Koi aik bhi idara mairey saath is sazish k against‚Ä¶",1513085921935114243
105,"RT @PTIofficial: We've been covering PTI on Social Media for about 15 years, which included Lahore Jalsa of 2011, GE2013, Dharna &amp; GE2018.‚Ä¶",1513085915945746433
106,"RT @sarimrashidgill: Imran Khan should just say two sentences in every jalsa now : 

1. Koi aik bhi idara mairey saath is sazish k against‚Ä¶",1513085761951875077
107,"RT @PTIofficial: We've been covering PTI on Social Media for about 15 years, which included Lahore Jalsa of 2011, GE2013, Dharna &amp; GE2018.‚Ä¶",1513085647434792966
108,"RT @PTIofficial: We've been covering PTI on Social Media for about 15 years, which included Lahore Jalsa of 2011, GE2013, Dharna &amp; GE2018.‚Ä¶",1513085356119310337
109,"RT @PTIofficial: We've been covering PTI on Social Media for about 15 years, which included Lahore Jalsa of 2011, GE2013, Dharna &amp; GE2018.‚Ä¶",1513085352180736001
110,"RT @sarimrashidgill: Imran Khan should just say two sentences in every jalsa now : 

1. Koi aik bhi idara mairey saath is sazish k against‚Ä¶",1513085339082149888
111,"RT @PTIofficial: We've been covering PTI on Social Media for about 15 years, which included Lahore Jalsa of 2011, GE2013, Dharna &amp; GE2018.‚Ä¶",1513085330152468484
112,"RT @PTIofficial: We've been covering PTI on Social Media for about 15 years, which included Lahore Jalsa of 2011, GE2013, Dharna &amp; GE2018.‚Ä¶",1513085322078343170
113,"RT @sarimrashidgill: Imran Khan should just say two sentences in every jalsa now : 

1. Koi aik bhi idara mairey saath is sazish k against‚Ä¶",1513085320274796546
114,"RT @sarimrashidgill: Imran Khan should just say two sentences in every jalsa now : 

1. Koi aik bhi idara mairey saath is sazish k against‚Ä¶",1513085295369064450
115,"RT @PTIofficial: We've been covering PTI on Social Media for about 15 years, which included Lahore Jalsa of 2011, GE2013, Dharna &amp; GE2018.‚Ä¶",1513085231791845385
116,"RT @PTIofficial: We've been covering PTI on Social Media for about 15 years, which included Lahore Jalsa of 2011, GE2013, Dharna &amp; GE2018.‚Ä¶",1513085187512573960
117,"RT @PTIofficial: We've been covering PTI on Social Media for about 15 years, which included Lahore Jalsa of 2011, GE2013, Dharna &amp; GE2018.‚Ä¶",1513085177874030594
118,"#ÿßŸÖŸæŸàÿ±Ÿπ⁄à_ÿ≠⁄©ŸàŸÖÿ™_ŸÜÿßŸÖŸÜÿ∏Ÿàÿ± 
Hamari qaom ka koi qasoor nahi 
Ham nay Sath diaa hai IMRAN KHAN ka
Lekn ab to is qaom ki suni hi nahi jatiüò≠üò≠üò≠
Kiaaa krain ham 15lakh ka jalsa b Kisi ka kaam nahi ayaa naaa hi trends Kisi kaam aaye ab qanoon hath main leny ka kqt hua Chahta haiüáµüá∞üò∂üôÇüòê",1513085175625916416
119,"RT @ImranKhanPTI: I want to thank everyone who attended our jalsa today, especially our women, from across Pak, making it the biggest ever‚Ä¶",1513085102334615552
120,"Imran Khan should just say two sentences in every jalsa now : 

1. Koi aik bhi idara mairey saath is sazish k against nai kharha hoa 
2. Tareekh kisi ko maaf nai krti. 

#WeStandWithImranKhan 
#WeStandWithDrArslanKhalid",1513084982197170179
121,"RT @PTIofficial: We've been covering PTI on Social Media for about 15 years, which included Lahore Jalsa of 2011, GE2013, Dharna &amp; GE2018.‚Ä¶",1513084959321653250
122,"RT @PTIofficial: We've been covering PTI on Social Media for about 15 years, which included Lahore Jalsa of 2011, GE2013, Dharna &amp; GE2018.‚Ä¶",1513084828756942848
123,"RT @PTIofficial: We've been covering PTI on Social Media for about 15 years, which included Lahore Jalsa of 2011, GE2013, Dharna &amp; GE2018.‚Ä¶",1513084712801251330
124,"@sharuppp He already knew his govt couldn't be saved bec all the beggars who hate each other had reunited for their collective interests against him.
Also, if my memory isn't that bad, I remember you were the one having Imran Khan in his pfp on the day of jalsa? Lota spotted lol.",1513084711840542720
125,"RT @PTIofficial: We've been covering PTI on Social Media for about 15 years, which included Lahore Jalsa of 2011, GE2013, Dharna &amp; GE2018.‚Ä¶",1513084678651232256
126,"RT @PTIofficial: We've been covering PTI on Social Media for about 15 years, which included Lahore Jalsa of 2011, GE2013, Dharna &amp; GE2018.‚Ä¶",1513084639673475074
127,"RT @PTIofficial: We've been covering PTI on Social Media for about 15 years, which included Lahore Jalsa of 2011, GE2013, Dharna &amp; GE2018.‚Ä¶",1513084580659609614
128,"RT @PTIofficial: We've been covering PTI on Social Media for about 15 years, which included Lahore Jalsa of 2011, GE2013, Dharna &amp; GE2018.‚Ä¶",1513084503694188544
129,"RT @PTIofficial: We've been covering PTI on Social Media for about 15 years, which included Lahore Jalsa of 2011, GE2013, Dharna &amp; GE2018.‚Ä¶",1513084394713632769
130,"RT @PTIofficial: We've been covering PTI on Social Media for about 15 years, which included Lahore Jalsa of 2011, GE2013, Dharna &amp; GE2018.‚Ä¶",1513084383623790595
131,"RT @PakistaniMujah9: We've been covering PTI on Social Media for about 15 years, which included Lahore Jalsa of 2011, GE2013, Dharna &amp; GE20‚Ä¶",1513084354569945089
132,"RT @PTIofficial: We've been covering PTI on Social Media for about 15 years, which included Lahore Jalsa of 2011, GE2013, Dharna &amp; GE2018.‚Ä¶",1513084258709127170
133,"RT @PTIofficial: We've been covering PTI on Social Media for about 15 years, which included Lahore Jalsa of 2011, GE2013, Dharna &amp; GE2018.‚Ä¶",1513084186575482881
134,"@mustyoumustard madam how many times we masses came out of our homes for education , unemployment and injustice??
But you c hundreds for dharna, jalsa an for their Quaids...
Nations decide their fate.",1513084103083630596
135,"RT @PTIofficial: We've been covering PTI on Social Media for about 15 years, which included Lahore Jalsa of 2011, GE2013, Dharna &amp; GE2018.‚Ä¶",1513084048683544577
136,"RT @PTIofficial: We've been covering PTI on Social Media for about 15 years, which included Lahore Jalsa of 2011, GE2013, Dharna &amp; GE2018.‚Ä¶",1513083985504747527
137,"RT @PTIofficial: We've been covering PTI on Social Media for about 15 years, which included Lahore Jalsa of 2011, GE2013, Dharna &amp; GE2018.‚Ä¶",1513083952613007360
138,"RT @PTIofficial: We've been covering PTI on Social Media for about 15 years, which included Lahore Jalsa of 2011, GE2013, Dharna &amp; GE2018.‚Ä¶",1513083921537413124
139,"RT @PakistaniMujah9: We've been covering PTI on Social Media for about 15 years, which included Lahore Jalsa of 2011, GE2013, Dharna &amp; GE20‚Ä¶",1513083910560919554
140,"RT @PTIofficial: We've been covering PTI on Social Media for about 15 years, which included Lahore Jalsa of 2011, GE2013, Dharna &amp; GE2018.‚Ä¶",1513083907876425731
141,"RT @PakistaniMujah9: We've been covering PTI on Social Media for about 15 years, which included Lahore Jalsa of 2011, GE2013, Dharna &amp; GE20‚Ä¶",1513083904252866560
142,"RT @PakistaniMujah9: We've been covering PTI on Social Media for about 15 years, which included Lahore Jalsa of 2011, GE2013, Dharna &amp; GE20‚Ä¶",1513083792549949445
143,"RT @PTIofficial: We've been covering PTI on Social Media for about 15 years, which included Lahore Jalsa of 2011, GE2013, Dharna &amp; GE2018.‚Ä¶",1513083690666012674
144,"RT @PTIofficial: We've been covering PTI on Social Media for about 15 years, which included Lahore Jalsa of 2011, GE2013, Dharna &amp; GE2018.‚Ä¶",1513083663373815811
145,"RT @PTIofficial: We've been covering PTI on Social Media for about 15 years, which included Lahore Jalsa of 2011, GE2013, Dharna &amp; GE2018.‚Ä¶",1513083649192861696
146,@GreenOtterSoul @RealWaqarMaliks your guess is as good as mine. You seen the crowd at his last jalsa. Hopefully you will see more of his support om streets in the coming days.,1513083590938136577
147,"RT @PTIofficial: We've been covering PTI on Social Media for about 15 years, which included Lahore Jalsa of 2011, GE2013, Dharna &amp; GE2018.‚Ä¶",1513083523602731008
148,"RT @PTIofficial: We've been covering PTI on Social Media for about 15 years, which included Lahore Jalsa of 2011, GE2013, Dharna &amp; GE2018.‚Ä¶",1513083454295986176
149,"RT @PTIofficial: We've been covering PTI on Social Media for about 15 years, which included Lahore Jalsa of 2011, GE2013, Dharna &amp; GE2018.‚Ä¶",1513083430082387973
150,"RT @PTIofficial: We've been covering PTI on Social Media for about 15 years, which included Lahore Jalsa of 2011, GE2013, Dharna &amp; GE2018.‚Ä¶",1513083389813092358
151,"RT @PakistaniMujah9: We've been covering PTI on Social Media for about 15 years, which included Lahore Jalsa of 2011, GE2013, Dharna &amp; GE20‚Ä¶",1513083009754312704
152,"RT @PTIofficial: We've been covering PTI on Social Media for about 15 years, which included Lahore Jalsa of 2011, GE2013, Dharna &amp; GE2018.‚Ä¶",1513082943513800709
153,"RT @PTIofficial: We've been covering PTI on Social Media for about 15 years, which included Lahore Jalsa of 2011, GE2013, Dharna &amp; GE2018.‚Ä¶",1513082901080178695
154,"RT @PakistaniMujah9: We've been covering PTI on Social Media for about 15 years, which included Lahore Jalsa of 2011, GE2013, Dharna &amp; GE20‚Ä¶",1513082860059738115
155,"RT @PakistaniMujah9: We've been covering PTI on Social Media for about 15 years, which included Lahore Jalsa of 2011, GE2013, Dharna &amp; GE20‚Ä¶",1513082854397382660
156,"RT @PTIofficial: We've been covering PTI on Social Media for about 15 years, which included Lahore Jalsa of 2011, GE2013, Dharna &amp; GE2018.‚Ä¶",1513082826752774146
157,"RT @PakistaniMujah9: We've been covering PTI on Social Media for about 15 years, which included Lahore Jalsa of 2011, GE2013, Dharna &amp; GE20‚Ä¶",1513082756938539008
158,"RT @PTIofficial: We've been covering PTI on Social Media for about 15 years, which included Lahore Jalsa of 2011, GE2013, Dharna &amp; GE2018.‚Ä¶",1513082724227162113
159,"RT @PTIofficial: We've been covering PTI on Social Media for about 15 years, which included Lahore Jalsa of 2011, GE2013, Dharna &amp; GE2018.‚Ä¶",1513082719726551043
160,"RT @PakistaniMujah9: We've been covering PTI on Social Media for about 15 years, which included Lahore Jalsa of 2011, GE2013, Dharna &amp; GE20‚Ä¶",1513082548552974337
161,"RT @PTIofficial: We've been covering PTI on Social Media for about 15 years, which included Lahore Jalsa of 2011, GE2013, Dharna &amp; GE2018.‚Ä¶",1513082534539767813
162,"RT @SingleMan122: Jalsa Is The First Telugu Film To Collect 50 Lakhs Share In RTC X ROADS üî•üí•

Ustaad #Pawankalyan Record's üí• https://t.co/x‚Ä¶",1513082531188404225
163,"RT @PTIofficial: We've been covering PTI on Social Media for about 15 years, which included Lahore Jalsa of 2011, GE2013, Dharna &amp; GE2018.‚Ä¶",1513082492525457409
164,"RT @PTIofficial: We've been covering PTI on Social Media for about 15 years, which included Lahore Jalsa of 2011, GE2013, Dharna &amp; GE2018.‚Ä¶",1513082424900653058
165,"RT @PakistaniMujah9: We've been covering PTI on Social Media for about 15 years, which included Lahore Jalsa of 2011, GE2013, Dharna &amp; GE20‚Ä¶",1513082384807346177
166,"RT @PTIofficial: We've been covering PTI on Social Media for about 15 years, which included Lahore Jalsa of 2011, GE2013, Dharna &amp; GE2018.‚Ä¶",1513082363940642824
167,"RT @PTIofficial: We've been covering PTI on Social Media for about 15 years, which included Lahore Jalsa of 2011, GE2013, Dharna &amp; GE2018.‚Ä¶",1513082332894347272
168,"RT @PTIofficial: We've been covering PTI on Social Media for about 15 years, which included Lahore Jalsa of 2011, GE2013, Dharna &amp; GE2018.‚Ä¶",1513082250904354818
169,"@chlrhndy @khanxas @Napoha_ A, IK can not be trusted for any word given zero trust due to his UTurn credentials
B, it was Opposition who first asked for Elections
C, It was clear that IK was trying to keep changing pitch to suit his agenda... firstly he asked PDM to bring 172 , the Jalsa then election",1513082117386768391
170,"RT @PTIofficial: We've been covering PTI on Social Media for about 15 years, which included Lahore Jalsa of 2011, GE2013, Dharna &amp; GE2018.‚Ä¶",1513082082456649728
171,"RT @PTIofficial: We've been covering PTI on Social Media for about 15 years, which included Lahore Jalsa of 2011, GE2013, Dharna &amp; GE2018.‚Ä¶",1513081938202009603
172,"RT @PTIofficial: We've been covering PTI on Social Media for about 15 years, which included Lahore Jalsa of 2011, GE2013, Dharna &amp; GE2018.‚Ä¶",1513081861274312705
173,"RT @PTIofficial: We've been covering PTI on Social Media for about 15 years, which included Lahore Jalsa of 2011, GE2013, Dharna &amp; GE2018.‚Ä¶",1513081854689259522
174,"RT @PTIofficial: We've been covering PTI on Social Media for about 15 years, which included Lahore Jalsa of 2011, GE2013, Dharna &amp; GE2018.‚Ä¶",1513081829158490112
175,"RT @PTIofficial: We've been covering PTI on Social Media for about 15 years, which included Lahore Jalsa of 2011, GE2013, Dharna &amp; GE2018.‚Ä¶",1513081792764469251
176,"RT @PTIofficial: We've been covering PTI on Social Media for about 15 years, which included Lahore Jalsa of 2011, GE2013, Dharna &amp; GE2018.‚Ä¶",1513081768215199750
177,"RT @PakistaniMujah9: We've been covering PTI on Social Media for about 15 years, which included Lahore Jalsa of 2011, GE2013, Dharna &amp; GE20‚Ä¶",1513081765346398211
178,"RT @aminwrites99: PM Imran Khan's historical words in 2011 Jalsa!

Hum America Ki Ghulami Nh karengey!
@ImranKhanPTI 
@PTIofficial 
@SdqJaa‚Ä¶",1513081749898735616
179,"RT @PTIofficial: We've been covering PTI on Social Media for about 15 years, which included Lahore Jalsa of 2011, GE2013, Dharna &amp; GE2018.‚Ä¶",1513081743976374272
180,"RT @PTIofficial: We've been covering PTI on Social Media for about 15 years, which included Lahore Jalsa of 2011, GE2013, Dharna &amp; GE2018.‚Ä¶",1513081740386086917
181,"RT @PTIofficial: We've been covering PTI on Social Media for about 15 years, which included Lahore Jalsa of 2011, GE2013, Dharna &amp; GE2018.‚Ä¶",1513081715639697411
182,"RT @PTIofficial: We've been covering PTI on Social Media for about 15 years, which included Lahore Jalsa of 2011, GE2013, Dharna &amp; GE2018.‚Ä¶",1513081712464601089
183,"RT @PTIofficial: We've been covering PTI on Social Media for about 15 years, which included Lahore Jalsa of 2011, GE2013, Dharna &amp; GE2018.‚Ä¶",1513081682265575424
184,"RT @PTIofficial: We've been covering PTI on Social Media for about 15 years, which included Lahore Jalsa of 2011, GE2013, Dharna &amp; GE2018.‚Ä¶",1513081556096663555
185,"RT @PTIofficial: We've been covering PTI on Social Media for about 15 years, which included Lahore Jalsa of 2011, GE2013, Dharna &amp; GE2018.‚Ä¶",1513081541823700992
186,"RT @PakistaniMujah9: We've been covering PTI on Social Media for about 15 years, which included Lahore Jalsa of 2011, GE2013, Dharna &amp; GE20‚Ä¶",1513081489965080576
187,"RT @PTIofficial: We've been covering PTI on Social Media for about 15 years, which included Lahore Jalsa of 2011, GE2013, Dharna &amp; GE2018.‚Ä¶",1513081436055773187
188,"RT @PakistaniMujah9: We've been covering PTI on Social Media for about 15 years, which included Lahore Jalsa of 2011, GE2013, Dharna &amp; GE20‚Ä¶",1513081430976655362
189,"RT @i_bot404: Islamabad jalsa was the pulse check to bring him down. They checked, they executed. 

Today's protests will be the pulse chec‚Ä¶",1513081422923407361
190,Aray Han yaad aya k jalsa rhakha howa tha ü§≠ https://t.co/7oz7e0w3Ds,1513081363506900994
191,"RT @PTIofficial: We've been covering PTI on Social Media for about 15 years, which included Lahore Jalsa of 2011, GE2013, Dharna &amp; GE2018.‚Ä¶",1513081307600932866
192,"RT @PTIofficial: We've been covering PTI on Social Media for about 15 years, which included Lahore Jalsa of 2011, GE2013, Dharna &amp; GE2018.‚Ä¶",1513081290639097857
193,"RT @PTIofficial: We've been covering PTI on Social Media for about 15 years, which included Lahore Jalsa of 2011, GE2013, Dharna &amp; GE2018.‚Ä¶",1513081083666972672
194,"RT @PTIofficial: We've been covering PTI on Social Media for about 15 years, which included Lahore Jalsa of 2011, GE2013, Dharna &amp; GE2018.‚Ä¶",1513081082224291841
195,"RT @PTIofficial: We've been covering PTI on Social Media for about 15 years, which included Lahore Jalsa of 2011, GE2013, Dharna &amp; GE2018.‚Ä¶",1513080976712384514
196,"RT @PTIofficial: We've been covering PTI on Social Media for about 15 years, which included Lahore Jalsa of 2011, GE2013, Dharna &amp; GE2018.‚Ä¶",1513080969095692292
197,"RT @PTIofficial: We've been covering PTI on Social Media for about 15 years, which included Lahore Jalsa of 2011, GE2013, Dharna &amp; GE2018.‚Ä¶",1513080941769596929
198,"RT @PTIofficial: We've been covering PTI on Social Media for about 15 years, which included Lahore Jalsa of 2011, GE2013, Dharna &amp; GE2018.‚Ä¶",1513080934601478153
199,"@Bakars66 It's alright, khan will throw them a concert-cum-jalsa and they'll be happy again üòÇ",1513080924962844675
200,"RT @PTIofficial: We've been covering PTI on Social Media for about 15 years, which included Lahore Jalsa of 2011, GE2013, Dharna &amp; GE2018.‚Ä¶",1513080882436923392
201,"RT @PTIofficial: We've been covering PTI on Social Media for about 15 years, which included Lahore Jalsa of 2011, GE2013, Dharna &amp; GE2018.‚Ä¶",1513080822848491523
202,"RT @PTIofficial: We've been covering PTI on Social Media for about 15 years, which included Lahore Jalsa of 2011, GE2013, Dharna &amp; GE2018.‚Ä¶",1513080798643212289
203,"RT @PakistaniMujah9: We've been covering PTI on Social Media for about 15 years, which included Lahore Jalsa of 2011, GE2013, Dharna &amp; GE20‚Ä¶",1513080791235977216
204,"RT @PakistaniMujah9: We've been covering PTI on Social Media for about 15 years, which included Lahore Jalsa of 2011, GE2013, Dharna &amp; GE20‚Ä¶",1513080665570521089
205,"RT @PTIofficial: We've been covering PTI on Social Media for about 15 years, which included Lahore Jalsa of 2011, GE2013, Dharna &amp; GE2018.‚Ä¶",1513080602010206211
206,"RT @PTIofficial: We've been covering PTI on Social Media for about 15 years, which included Lahore Jalsa of 2011, GE2013, Dharna &amp; GE2018.‚Ä¶",1513080591641632773
207,"RT @PTIofficial: We've been covering PTI on Social Media for about 15 years, which included Lahore Jalsa of 2011, GE2013, Dharna &amp; GE2018.‚Ä¶",1513080542702546949
208,"RT @PTIofficial: We've been covering PTI on Social Media for about 15 years, which included Lahore Jalsa of 2011, GE2013, Dharna &amp; GE2018.‚Ä¶",1513080503649595396
209,"RT @PakistaniMujah9: We've been covering PTI on Social Media for about 15 years, which included Lahore Jalsa of 2011, GE2013, Dharna &amp; GE20‚Ä¶",1513080438763491335
210,"RT @PakistaniMujah9: We've been covering PTI on Social Media for about 15 years, which included Lahore Jalsa of 2011, GE2013, Dharna &amp; GE20‚Ä¶",1513080404844056577
211,"RT @PTIofficial: We've been covering PTI on Social Media for about 15 years, which included Lahore Jalsa of 2011, GE2013, Dharna &amp; GE2018.‚Ä¶",1513080392231837699
212,"RT @PakistaniMujah9: We've been covering PTI on Social Media for about 15 years, which included Lahore Jalsa of 2011, GE2013, Dharna &amp; GE20‚Ä¶",1513080386510860289
213,"RT @PakistaniMujah9: We've been covering PTI on Social Media for about 15 years, which included Lahore Jalsa of 2011, GE2013, Dharna &amp; GE20‚Ä¶",1513080384485224449
214,"RT @PakistaniMujah9: We've been covering PTI on Social Media for about 15 years, which included Lahore Jalsa of 2011, GE2013, Dharna &amp; GE20‚Ä¶",1513080334681882628
215,"RT @PakistaniMujah9: We've been covering PTI on Social Media for about 15 years, which included Lahore Jalsa of 2011, GE2013, Dharna &amp; GE20‚Ä¶",1513080290914226177
216,"RT @PTIofficial: We've been covering PTI on Social Media for about 15 years, which included Lahore Jalsa of 2011, GE2013, Dharna &amp; GE2018.‚Ä¶",1513080274237763590
217,"@umarsaif Shutup Bastard‚Ä¶ Dawn Leaks, Kargil, Sajin Jindal, Mumbai Attacks, Gujranwala Jalsa, Modi unofficial visit, sacking 2 army Chiefs‚Ä¶ enjoy with your new old father https://t.co/oJ9iDR5ToR",1513080190192295938
218,"RT @PakistaniMujah9: We've been covering PTI on Social Media for about 15 years, which included Lahore Jalsa of 2011, GE2013, Dharna &amp; GE20‚Ä¶",1513080177265459211
219,"RT @PakistaniMujah9: We've been covering PTI on Social Media for about 15 years, which included Lahore Jalsa of 2011, GE2013, Dharna &amp; GE20‚Ä¶",1513080110169083906
220,"RT @PTIofficial: We've been covering PTI on Social Media for about 15 years, which included Lahore Jalsa of 2011, GE2013, Dharna &amp; GE2018.‚Ä¶",1513080038777925636
221,"RT @PTIofficial: We've been covering PTI on Social Media for about 15 years, which included Lahore Jalsa of 2011, GE2013, Dharna &amp; GE2018.‚Ä¶",1513080023099584513
222,"RT @PakistaniMujah9: We've been covering PTI on Social Media for about 15 years, which included Lahore Jalsa of 2011, GE2013, Dharna &amp; GE20‚Ä¶",1513080000622301186
223,"We've been covering PTI on Social Media for about 15 years, which included Lahore Jalsa of 2011, GE2013, Dharna &amp; GE2018. We can tell you that this amount of enthusiasm has never been seen. Pakistan has united for its sovereignty under PMIK, historic times! #ÿßŸÖŸæŸàÿ±Ÿπ⁄à_ÿ≠⁄©ŸàŸÖÿ™_ŸÜÿßŸÖŸÜÿ∏Ÿàÿ± https://t.co/py7VLZyNXF",1513079963322396673
224,"RT @PTIofficial: We've been covering PTI on Social Media for about 15 years, which included Lahore Jalsa of 2011, GE2013, Dharna &amp; GE2018.‚Ä¶",1513079922859913216
225,"RT @PTIofficial: We've been covering PTI on Social Media for about 15 years, which included Lahore Jalsa of 2011, GE2013, Dharna &amp; GE2018.‚Ä¶",1513079922629046275
226,"RT @PTIofficial: We've been covering PTI on Social Media for about 15 years, which included Lahore Jalsa of 2011, GE2013, Dharna &amp; GE2018.‚Ä¶",1513079787581059074
227,@ProgressPartyMV Thiya jalsa ge shiyaarakee IndiaOut tha anekkaa.?,1513079763795324929
228,"RT @PTIofficial: We've been covering PTI on Social Media for about 15 years, which included Lahore Jalsa of 2011, GE2013, Dharna &amp; GE2018.‚Ä¶",1513079627077533705
229,"RT @PTIofficial: We've been covering PTI on Social Media for about 15 years, which included Lahore Jalsa of 2011, GE2013, Dharna &amp; GE2018.‚Ä¶",1513079401193394176
230,"RT @PTIofficial: We've been covering PTI on Social Media for about 15 years, which included Lahore Jalsa of 2011, GE2013, Dharna &amp; GE2018.‚Ä¶",1513079132506460162
231,"RT @PTIofficial: We've been covering PTI on Social Media for about 15 years, which included Lahore Jalsa of 2011, GE2013, Dharna &amp; GE2018.‚Ä¶",1513079098582741000
232,"22. Address to 40,000 Pakistanis Jalsa in USA to show the strength of Pakistan in America.

23. Ended US war in Afghanistan and throwing all anti Pakistan elements out of Afghanistan 

24. Got 3 Billion USD through Roshan Digital accounts from overseas Pakistan",1513079076591972354
233,"RT @PTIofficial: We've been covering PTI on Social Media for about 15 years, which included Lahore Jalsa of 2011, GE2013, Dharna &amp; GE2018.‚Ä¶",1513079062725636096
234,"RT @PTIofficial: We've been covering PTI on Social Media for about 15 years, which included Lahore Jalsa of 2011, GE2013, Dharna &amp; GE2018.‚Ä¶",1513078944207183872
235,"RT @PTIofficial: We've been covering PTI on Social Media for about 15 years, which included Lahore Jalsa of 2011, GE2013, Dharna &amp; GE2018.‚Ä¶",1513078894898954240
236,"RT @PTIofficial: We've been covering PTI on Social Media for about 15 years, which included Lahore Jalsa of 2011, GE2013, Dharna &amp; GE2018.‚Ä¶",1513078881355505664
237,"RT @PTIofficial: We've been covering PTI on Social Media for about 15 years, which included Lahore Jalsa of 2011, GE2013, Dharna &amp; GE2018.‚Ä¶",1513078728888303616
238,"RT @PTIofficial: We've been covering PTI on Social Media for about 15 years, which included Lahore Jalsa of 2011, GE2013, Dharna &amp; GE2018.‚Ä¶",1513078710223573000
239,"RT @PTIofficial: We've been covering PTI on Social Media for about 15 years, which included Lahore Jalsa of 2011, GE2013, Dharna &amp; GE2018.‚Ä¶",1513078693840703489
240,"RT @PTIofficial: We've been covering PTI on Social Media for about 15 years, which included Lahore Jalsa of 2011, GE2013, Dharna &amp; GE2018.‚Ä¶",1513078584784609282
241,"RT @PTIofficial: We've been covering PTI on Social Media for about 15 years, which included Lahore Jalsa of 2011, GE2013, Dharna &amp; GE2018.‚Ä¶",1513078463401705472
242,"RT @PTIofficial: We've been covering PTI on Social Media for about 15 years, which included Lahore Jalsa of 2011, GE2013, Dharna &amp; GE2018.‚Ä¶",1513078431105400834
243,"RT @PTIofficial: We've been covering PTI on Social Media for about 15 years, which included Lahore Jalsa of 2011, GE2013, Dharna &amp; GE2018.‚Ä¶",1513078372443820032
244,"RT @PTIofficial: We've been covering PTI on Social Media for about 15 years, which included Lahore Jalsa of 2011, GE2013, Dharna &amp; GE2018.‚Ä¶",1513078269998145538
245,"RT @PTIofficial: We've been covering PTI on Social Media for about 15 years, which included Lahore Jalsa of 2011, GE2013, Dharna &amp; GE2018.‚Ä¶",1513078199370063874
246,"RT @PTIofficial: We've been covering PTI on Social Media for about 15 years, which included Lahore Jalsa of 2011, GE2013, Dharna &amp; GE2018.‚Ä¶",1513077963671093257
247,"RT @PTIofficial: We've been covering PTI on Social Media for about 15 years, which included Lahore Jalsa of 2011, GE2013, Dharna &amp; GE2018.‚Ä¶",1513077724948033541
248,"RT @PTIofficial: We've been covering PTI on Social Media for about 15 years, which included Lahore Jalsa of 2011, GE2013, Dharna &amp; GE2018.‚Ä¶",1513077651556208643
249,"RT @PTIofficial: We've been covering PTI on Social Media for about 15 years, which included Lahore Jalsa of 2011, GE2013, Dharna &amp; GE2018.‚Ä¶",1513077636335034370
250,"RT @PTIofficial: We've been covering PTI on Social Media for about 15 years, which included Lahore Jalsa of 2011, GE2013, Dharna &amp; GE2018.‚Ä¶",1513077599727394825
251,"RT @PTIofficial: We've been covering PTI on Social Media for about 15 years, which included Lahore Jalsa of 2011, GE2013, Dharna &amp; GE2018.‚Ä¶",1513077519926317060
252,"RT @PTIofficial: We've been covering PTI on Social Media for about 15 years, which included Lahore Jalsa of 2011, GE2013, Dharna &amp; GE2018.‚Ä¶",1513077343446872070
253,"RT @PTIofficial: We've been covering PTI on Social Media for about 15 years, which included Lahore Jalsa of 2011, GE2013, Dharna &amp; GE2018.‚Ä¶",1513076816772280322
254,"RT @ImranKhanPTI: I want to thank everyone who attended our jalsa today, especially our women, from across Pak, making it the biggest ever‚Ä¶",1513076537851097088
255,"RT @PTIofficial: We've been covering PTI on Social Media for about 15 years, which included Lahore Jalsa of 2011, GE2013, Dharna &amp; GE2018.‚Ä¶",1513076206555611142
256,@RD_rt_wale Aai hai! Jalsa Bapu Jalsa üëç,1513076171625271296
257,"RT @PTIofficial: We've been covering PTI on Social Media for about 15 years, which included Lahore Jalsa of 2011, GE2013, Dharna &amp; GE2018.‚Ä¶",1513075970445565954
258,"RT @PTIofficial: We've been covering PTI on Social Media for about 15 years, which included Lahore Jalsa of 2011, GE2013, Dharna &amp; GE2018.‚Ä¶",1513075913906393089
259,@0____0____1____ This jalsa https://t.co/3LrEVQG23E,1513075733291499526
260,"RT @PTIofficial: We've been covering PTI on Social Media for about 15 years, which included Lahore Jalsa of 2011, GE2013, Dharna &amp; GE2018.‚Ä¶",1513075687594381316
261,"RT @PTIofficial: We've been covering PTI on Social Media for about 15 years, which included Lahore Jalsa of 2011, GE2013, Dharna &amp; GE2018.‚Ä¶",1513075504017944577
262,"RT @PTIofficial: We've been covering PTI on Social Media for about 15 years, which included Lahore Jalsa of 2011, GE2013, Dharna &amp; GE2018.‚Ä¶",1513075423168671744
263,"RT @PTIofficial: We've been covering PTI on Social Media for about 15 years, which included Lahore Jalsa of 2011, GE2013, Dharna &amp; GE2018.‚Ä¶",1513075408878682118
264,"RT @PTIofficial: We've been covering PTI on Social Media for about 15 years, which included Lahore Jalsa of 2011, GE2013, Dharna &amp; GE2018.‚Ä¶",1513075358890807298
265,"RT @PTIofficial: We've been covering PTI on Social Media for about 15 years, which included Lahore Jalsa of 2011, GE2013, Dharna &amp; GE2018.‚Ä¶",1513075320320151556
266,"RT @PTIofficial: We've been covering PTI on Social Media for about 15 years, which included Lahore Jalsa of 2011, GE2013, Dharna &amp; GE2018.‚Ä¶",1513075316670951426
267,"RT @PTIofficial: We've been covering PTI on Social Media for about 15 years, which included Lahore Jalsa of 2011, GE2013, Dharna &amp; GE2018.‚Ä¶",1513075017214754819
268,"RT @PTIofficial: We've been covering PTI on Social Media for about 15 years, which included Lahore Jalsa of 2011, GE2013, Dharna &amp; GE2018.‚Ä¶",1513074871508815876
269,"RT @PTIofficial: We've been covering PTI on Social Media for about 15 years, which included Lahore Jalsa of 2011, GE2013, Dharna &amp; GE2018.‚Ä¶",1513074857474330624
270,"RT @PTIofficial: We've been covering PTI on Social Media for about 15 years, which included Lahore Jalsa of 2011, GE2013, Dharna &amp; GE2018.‚Ä¶",1513074505106661378
271,"RT @PTIofficial: We've been covering PTI on Social Media for about 15 years, which included Lahore Jalsa of 2011, GE2013, Dharna &amp; GE2018.‚Ä¶",1513074504288899074
272,"RT @PTIofficial: We've been covering PTI on Social Media for about 15 years, which included Lahore Jalsa of 2011, GE2013, Dharna &amp; GE2018.‚Ä¶",1513074453126733826
273,"RT @PTIofficial: We've been covering PTI on Social Media for about 15 years, which included Lahore Jalsa of 2011, GE2013, Dharna &amp; GE2018.‚Ä¶",1513074440334102530
274,"RT @PTIofficial: We've been covering PTI on Social Media for about 15 years, which included Lahore Jalsa of 2011, GE2013, Dharna &amp; GE2018.‚Ä¶",1513074413016657929
275,"RT @PTIofficial: We've been covering PTI on Social Media for about 15 years, which included Lahore Jalsa of 2011, GE2013, Dharna &amp; GE2018.‚Ä¶",1513074364790550534
276,"RT @PTIofficial: We've been covering PTI on Social Media for about 15 years, which included Lahore Jalsa of 2011, GE2013, Dharna &amp; GE2018.‚Ä¶",1513074207114027008
277,"RT @PTIofficial: We've been covering PTI on Social Media for about 15 years, which included Lahore Jalsa of 2011, GE2013, Dharna &amp; GE2018.‚Ä¶",1513074185639182336
278,"RT @PTIofficial: We've been covering PTI on Social Media for about 15 years, which included Lahore Jalsa of 2011, GE2013, Dharna &amp; GE2018.‚Ä¶",1513074177707851784
279,"RT @PTIofficial: We've been covering PTI on Social Media for about 15 years, which included Lahore Jalsa of 2011, GE2013, Dharna &amp; GE2018.‚Ä¶",1513074152424366080
280,"RT @PTIofficial: We've been covering PTI on Social Media for about 15 years, which included Lahore Jalsa of 2011, GE2013, Dharna &amp; GE2018.‚Ä¶",1513074136461025280
281,"RT @PTIofficial: We've been covering PTI on Social Media for about 15 years, which included Lahore Jalsa of 2011, GE2013, Dharna &amp; GE2018.‚Ä¶",1513073989198958599
282,"RT @PTIofficial: We've been covering PTI on Social Media for about 15 years, which included Lahore Jalsa of 2011, GE2013, Dharna &amp; GE2018.‚Ä¶",1513073918860529666
283,@rohailhyatt Your frustration is understandable as deep down all pti supporters know that he won't ever get back this power. He was selected by the forces and they are no more with him. He can't even conduct a successful jalsa https://t.co/JMNDomb4XG all are only Facebook warriors.,1513073918659031041
284,"RT @PTIofficial: We've been covering PTI on Social Media for about 15 years, which included Lahore Jalsa of 2011, GE2013, Dharna &amp; GE2018.‚Ä¶",1513073781023158274
285,"RT @PTIofficial: We've been covering PTI on Social Media for about 15 years, which included Lahore Jalsa of 2011, GE2013, Dharna &amp; GE2018.‚Ä¶",1513073766703988736
286,"RT @PTIofficial: We've been covering PTI on Social Media for about 15 years, which included Lahore Jalsa of 2011, GE2013, Dharna &amp; GE2018.‚Ä¶",1513073766687031299
287,"RT @PTIofficial: We've been covering PTI on Social Media for about 15 years, which included Lahore Jalsa of 2011, GE2013, Dharna &amp; GE2018.‚Ä¶",1513073678006865920
288,"RT @PTIofficial: We've been covering PTI on Social Media for about 15 years, which included Lahore Jalsa of 2011, GE2013, Dharna &amp; GE2018.‚Ä¶",1513073640073740290
289,"RT @PTIofficial: We've been covering PTI on Social Media for about 15 years, which included Lahore Jalsa of 2011, GE2013, Dharna &amp; GE2018.‚Ä¶",1513073491544838144
290,"RT @kartikpatel5797: @IPL @rahultewatia02 @hardikpandya7 @gujarat_titans 12 Runs need 2 ball remaining, and then bhukka kadi nakhya bapuüòâ.‚Ä¶",1513073444857937920
291,"@SignatureEgo Supporters to har kisi k hote hn...
Mne poocha k ""more than half"" ap kaise keh sakte hn...

Jb k kuch din pehle IK ka jalsa Pak ki history ka sbb se bara jalsa tha..ü§∑‚Äç‚ôÄÔ∏è",1513073361856995331
292,"RT @PTIofficial: We've been covering PTI on Social Media for about 15 years, which included Lahore Jalsa of 2011, GE2013, Dharna &amp; GE2018.‚Ä¶",1513073272530874368
293,"RT @PTIofficial: We've been covering PTI on Social Media for about 15 years, which included Lahore Jalsa of 2011, GE2013, Dharna &amp; GE2018.‚Ä¶",1513073271092228096
294,"RT @PTIofficial: We've been covering PTI on Social Media for about 15 years, which included Lahore Jalsa of 2011, GE2013, Dharna &amp; GE2018.‚Ä¶",1513073236665409544
295,"RT @PTIofficial: We've been covering PTI on Social Media for about 15 years, which included Lahore Jalsa of 2011, GE2013, Dharna &amp; GE2018.‚Ä¶",1513073232336896002
296,"RT @PTIofficial: We've been covering PTI on Social Media for about 15 years, which included Lahore Jalsa of 2011, GE2013, Dharna &amp; GE2018.‚Ä¶",1513073213705801730
297,"RT @PTIofficial: We've been covering PTI on Social Media for about 15 years, which included Lahore Jalsa of 2011, GE2013, Dharna &amp; GE2018.‚Ä¶",1513073163101511686
298,"RT @PTIofficial: We've been covering PTI on Social Media for about 15 years, which included Lahore Jalsa of 2011, GE2013, Dharna &amp; GE2018.‚Ä¶",1513073080268169216
299,RT @sadiquiz: Pakistan Prime Minister @ImranKhanPTI‚Äôs farewell speech? Sounded clearly reconciled to fate. Calls for massive jalsa on Sunda‚Ä¶,1513073076388626435
